Move;Type;German;French;Spanish;Italian;Japanese;Korean;Chinese;Chinese 2
Pound;Normal;Klaps;Écras'Face;Destructor;Botta;はたく;막치기;拍击;拍擊
Karate Chop;Fighting;Karateschlag;Poing Karaté;Golpe Kárate;Colpokarate;からてチョップ;태권당수;空手劈;空手劈
Double Slap;Normal;Duplexhieb;Torgnoles;Doble Bofetón;Doppiasberla;おうふくビンタ;연속뺨치기;连环巴掌;連環巴掌
Comet Punch;Normal;Kometenhieb;Poing Comète;Puño Cometa;Cometapugno;れんぞくパンチ;연속펀치;连续拳;連續拳
Mega Punch;Normal;Megahieb;Ultimapoing;Megapuño;Megapugno;メガトンパンチ;메가톤펀치;百万吨重拳;百萬噸重拳
Pay Day;Normal;Zahltag;Jackpot;Día de Pago;Giornopaga;ネコにこばん;고양이돈받기;聚宝功;聚寶功
Fire Punch;Fire;Feuerschlag;Poing Feu;Puño Fuego;Fuocopugno;ほのおのパンチ;불꽃펀치;火焰拳;火焰拳
Ice Punch;Ice;Eishieb;Poing Glace;Puño Hielo;Gelopugno;れいとうパンチ;냉동펀치;冰冻拳;冰凍拳
Thunder Punch;Electric;Donnerschlag;Poing Éclair;Puño Trueno;Tuonopugno;かみなりパンチ;번개펀치;雷电拳;雷電拳
Scratch;Normal;Kratzer;Griffe;Arañazo;Graffio;ひっかく;할퀴기;抓;抓
Vise Grip;Normal;Klammer;Force Poigne;Agarre;Presa;はさむ;찝기;夹住;夾住
Guillotine;Normal;Guillotine;Guillotine;Guillotina;Ghigliottina;ハサミギロチン;가위자르기;极落钳;斷頭鉗
Razor Wind;Normal;Klingensturm;Coupe-Vent;Viento Cortante;Ventagliente;かまいたち;칼바람;旋风刀;旋風刀
Swords Dance;Normal;Schwerttanz;Danse Lames;Danza Espada;Danzaspada;つるぎのまい;칼춤;剑舞;劍舞
Cut;Normal;Zerschneider;Coupe;Corte;Taglio;いあいぎり;풀베기;居合劈;居合斬
Gust;Flying;Windstoß;Tornade;Tornado;Raffica;かぜおこし;바람일으키기;起风;起風
Wing Attack;Flying;Flügelschlag;Cru-Ailes;Ataque Ala;Attacco d'Ala;つばさでうつ;날개치기;翅膀攻击;翅膀攻擊
Whirlwind;Normal;Wirbelwind;Cyclone;Remolino;Turbine;ふきとばし;날려버리기;吹飞;吹飛
Fly;Flying;Fliegen;Vol;Vuelo;Volo;そらをとぶ;공중날기;飞翔;飛翔
Bind;Normal;Klammergriff;Étreinte;Atadura;Legatutto;しめつける;조이기;绑紧;綁緊
Slam;Normal;Slam;Souplesse;Atizar;Schianto;たたきつける;힘껏치기;摔打;摔打
Vine Whip;Grass;Rankenhieb;Fouet Lianes;Látigo Cepa;Frustata;つるのムチ;덩굴채찍;藤鞭;藤鞭
Stomp;Normal;Stampfer;Écrasement;Pisotón;Pestone;ふみつけ;짓밟기;踩踏;踩踏
Double Kick;Fighting;Doppelkick;Double Pied;Doble Patada;Doppiocalcio;にどげり;두번차기;二连踢;二連踢
Mega Kick;Normal;Megakick;Ultimawashi;Megapatada;Megacalcio;メガトンキック;메가톤킥;百万吨重踢;百萬噸重踢
Jump Kick;Fighting;Sprungkick;Pied Sauté;Patada Salto;Calciosalto;とびげり;점프킥;飞踢;飛踢
Rolling Kick;Fighting;Fegekick;Mawashi Geri;Patada Giro;Calciorullo;まわしげり;돌려차기;回旋踢;迴旋踢
Sand Attack;Ground;Sandwirbel;Jet de Sable;Ataque Arena;Turbosabbia;すなかけ;모래뿌리기;泼沙;潑沙
Headbutt;Normal;Kopfnuss;Coup d'Boule;Golpe Cabeza;Bottintesta;ずつき;박치기;头锤;頭錘
Horn Attack;Normal;Hornattacke;Koud'Korne;Cornada;Incornata;つのでつく;뿔찌르기;角撞;角撞
Fury Attack;Normal;Furienschlag;Furie;Ataque Furia;Furia;みだれづき;마구찌르기;乱击;亂擊
Horn Drill;Normal;Hornbohrer;Empal'Korne;Perforador;Perforcorno;つのドリル;뿔드릴;角钻;角鑽
Tackle;Normal;Tackle;Charge;Placaje;Azione;たいあたり;몸통박치기;撞击;撞擊
Body Slam;Normal;Bodyslam;Plaquage;Golpe Cuerpo;Corposcontro;のしかかり;누르기;泰山压顶;泰山壓頂
Wrap;Normal;Wickel;Ligotage;Constricción;Avvolgibotta;まきつく;김밥말이;紧束;緊束
Take Down;Normal;Bodycheck;Bélier;Derribo;Riduttore;とっしん;돌진;猛撞;猛撞
Thrash;Normal;Fuchtler;Mania;Saña;Colpo;あばれる;난동부리기;大闹一番;大鬧一番
Double-Edge;Normal;Risikotackle;Damoclès;Doble Filo;Sdoppiatore;すてみタックル;이판사판태클;舍身冲撞;捨身衝撞
Tail Whip;Normal;Rutenschlag;Mimi-Queue;Látigo;Colpocoda;しっぽをふる;꼬리흔들기;摇尾巴;搖尾巴
Poison Sting;Poison;Giftstachel;Dard-Venin;Picotazo Veneno;Velenospina;どくばり;독침;毒针;毒針
Twineedle;Bug;Duonadel;Double Dard;Doble Ataque;Doppio Ago;ダブルニードル;더블니들;双针;雙針
Pin Missile;Bug;Nadelrakete;Dard-Nuée;Pin Misil;Missilspillo;ミサイルばり;바늘미사일;飞弹针;飛彈針
Leer;Normal;Silberblick;Groz'Yeux;Malicioso;Fulmisguardo;にらみつける;째려보기;瞪眼;瞪眼
Bite;Dark;Biss;Morsure;Mordisco;Morso;かみつく;물기;咬住;咬住
Growl;Normal;Heuler;Rugissement;Gruñido;Ruggito;なきごえ;울음소리;叫声;叫聲
Roar;Normal;Brüller;Hurlement;Rugido;Boato;ほえる;울부짖기;吼叫;吼叫
Sing;Normal;Gesang;Berceuse;Canto;Canto;うたう;노래하기;唱歌;唱歌
Supersonic;Normal;Superschall;Ultrason;Supersónico;Supersuono;ちょうおんぱ;초음파;超音波;超音波
Sonic Boom;Normal;Ultraschall;Sonic Boom;Bomba Sónica;Sonicboom;ソニックブーム;소닉붐;音爆;音爆
Disable;Normal;Aussetzer;Entrave;Anulación;Inibitore;かなしばり;사슬묶기;定身法;定身法
Acid;Poison;Säure;Acide;Ácido;Acido;ようかいえき;용해액;溶解液;溶解液
Ember;Fire;Glut;Flammèche;Ascuas;Braciere;ひのこ;불꽃세례;火花;火花
Flamethrower;Fire;Flammenwurf;Lance-Flammes;Lanzallamas;Lanciafiamme;かえんほうしゃ;화염방사;喷射火焰;噴射火焰
Mist;Ice;Weißnebel;Brume;Neblina;Nebbia;しろいきり;흰안개;白雾;白霧
Water Gun;Water;Aquaknarre;Pistolet à O;Pistola Agua;Pistolacqua;みずでっぽう;물대포;水枪;水槍
Hydro Pump;Water;Hydropumpe;Hydrocanon;Hidrobomba;Idropompa;ハイドロポンプ;하이드로펌프;水炮;水炮
Surf;Water;Surfer;Surf;Surf;Surf;なみのり;파도타기;冲浪;衝浪
Ice Beam;Ice;Eisstrahl;Laser Glace;Rayo Hielo;Geloraggio;れいとうビーム;냉동빔;冰冻光束;冰凍光束
Blizzard;Ice;Blizzard;Blizzard;Ventisca;Bora;ふぶき;눈보라;暴风雪;暴風雪
Psybeam;Psychic;Psystrahl;Rafale Psy;Psicorrayo;Psicoraggio;サイケこうせん;환상빔;幻象光线;幻象光線
Bubble Beam;Water;Blubbstrahl;Bulles d'O;Rayo Burbuja;Bollaraggio;バブルこうせん;거품광선;泡沫光线;泡沫光線
Aurora Beam;Ice;Aurorastrahl;Onde Boréale;Rayo Aurora;Raggiaurora;オーロラビーム;오로라빔;极光束;極光束
Hyper Beam;Normal;Hyperstrahl;Ultralaser;Hiperrayo;Iper Raggio;はかいこうせん;파괴광선;破坏光线;破壞光線
Peck;Flying;Pikser;Picpic;Picotazo;Beccata;つつく;쪼기;啄;啄
Drill Peck;Flying;Bohrschnabel;Bec Vrille;Pico Taladro;Perforbecco;ドリルくちばし;회전부리;啄钻;啄鑽
Submission;Fighting;Überroller;Sacrifice;Sumisión;Sottomissione;じごくぐるま;지옥의바퀴;深渊翻滚;地獄翻滾
Low Kick;Fighting;Fußkick;Balayage;Patada Baja;Colpo Basso;けたぐり;안다리걸기;踢倒;踢倒
Counter;Fighting;Konter;Riposte;Contraataque;Contrattacco;カウンター;카운터;双倍奉还;雙倍奉還
Seismic Toss;Fighting;Geowurf;Frappe Atlas;Sísmico;Movim. Sismico;ちきゅうなげ;지구던지기;地球上投;地球上投
Strength;Normal;Stärke;Force;Fuerza;Forza;かいりき;괴력;怪力;怪力
Absorb;Grass;Absorber;Vole-Vie;Absorber;Assorbimento;すいとる;흡수;吸取;吸取
Mega Drain;Grass;Megasauger;Méga-Sangsue;Megaagotar;Megassorbimento;メガドレイン;메가드레인;超级吸取;超級吸取
Leech Seed;Grass;Egelsamen;Vampigraine;Drenadoras;Parassiseme;やどりぎのタネ;씨뿌리기;寄生种子;寄生種子
Growth;Normal;Wachstum;Croissance;Desarrollo;Crescita;せいちょう;성장;生长;生長
Razor Leaf;Grass;Rasierblatt;Tranch'Herbe;Hoja Afilada;Foglielama;はっぱカッター;잎날가르기;飞叶快刀;飛葉快刀
Solar Beam;Grass;Solarstrahl;Lance-Soleil;Rayo Solar;Solarraggio;ソーラービーム;솔라빔;日光束;日光束
Poison Powder;Poison;Giftpuder;Poudre Toxik;Polvo Veneno;Velenpolvere;どくのこな;독가루;毒粉;毒粉
Stun Spore;Grass;Stachelspore;Para-Spore;Paralizador;Paralizzante;しびれごな;저리가루;麻痹粉;麻痺粉
Sleep Powder;Grass;Schlafpuder;Poudre Dodo;Somnífero;Sonnifero;ねむりごな;수면가루;催眠粉;催眠粉
Petal Dance;Grass;Blättertanz;Danse Fleurs;Danza Pétalo;Petalodanza;はなびらのまい;꽃잎댄스;花瓣舞;花瓣舞
String Shot;Bug;Fadenschuss;Sécrétion;Disparo Demora;Millebave;いとをはく;실뿜기;吐丝;吐絲
Dragon Rage;Dragon;Drachenwut;Draco-Rage;Furia Dragón;Ira di Drago;りゅうのいかり;용의분노;龙之怒;龍之怒
Fire Spin;Fire;Feuerwirbel;Danse Flammes;Giro Fuego;Turbofuoco;ほのおのうず;회오리불꽃;火焰旋涡;火焰旋渦
Thunder Shock;Electric;Donnerschock;Éclair;Impactrueno;Tuonoshock;でんきショック;전기쇼크;电击;電擊
Thunderbolt;Electric;Donnerblitz;Tonnerre;Rayo;Fulmine;１０まんボルト;10만볼트;十万伏特;十萬伏特
Thunder Wave;Electric;Donnerwelle;Cage Éclair;Onda Trueno;Tuononda;でんじは;전기자석파;电磁波;電磁波
Thunder;Electric;Donner;Fatal-Foudre;Trueno;Tuono;かみなり;번개;打雷;打雷
Rock Throw;Rock;Steinwurf;Jet-Pierres;Lanzarrocas;Sassata;いわおとし;돌떨구기;落石;落石
Earthquake;Ground;Erdbeben;Séisme;Terremoto;Terremoto;じしん;지진;地震;地震
Fissure;Ground;Geofissur;Abîme;Fisura;Abisso;じわれ;땅가르기;地裂;地裂
Dig;Ground;Schaufler;Tunnel;Excavar;Fossa;あなをほる;구멍파기;挖洞;挖洞
Toxic;Poison;Toxin;Toxik;Tóxico;Tossina;どくどく;맹독;剧毒;劇毒
Confusion;Psychic;Konfusion;Choc Mental;Confusión;Confusione;ねんりき;염동력;念力;念力
Psychic;Psychic;Psychokinese;Psyko;Psíquico;Psichico;サイコキネシス;사이코키네시스;精神强念;精神強念
Hypnosis;Psychic;Hypnose;Hypnose;Hipnosis;Ipnosi;さいみんじゅつ;최면술;催眠术;催眠術
Meditate;Psychic;Meditation;Yoga;Meditación;Meditazione;ヨガのポーズ;요가포즈;瑜伽姿势;瑜伽姿勢
Agility;Psychic;Agilität;Hâte;Agilidad;Agilità;こうそくいどう;고속이동;高速移动;高速移動
Quick Attack;Normal;Ruckzuckhieb;Vive-Attaque;Ataque Rápido;Attacco Rapido;でんこうせっか;전광석화;电光一闪;電光一閃
Rage;Normal;Raserei;Frénésie;Furia;Ira;いかり;분노;愤怒;憤怒
Teleport;Psychic;Teleport;Téléport;Teletransporte;Teletrasporto;テレポート;순간이동;瞬间移动;瞬間移動
Night Shade;Ghost;Nachtnebel;Ombre Nocturne;Tinieblas;Ombra Notturna;ナイトヘッド;나이트헤드;黑夜魔影;黑夜魔影
Mimic;Normal;Mimikry;Copie;Mimético;Mimica;ものまね;흉내내기;模仿;模仿
Screech;Normal;Kreideschrei;Grincement;Chirrido;Stridio;いやなおと;싫은소리;刺耳声;刺耳聲
Double Team;Normal;Doppelteam;Reflet;Doble Equipo;Doppioteam;かげぶんしん;그림자분신;影子分身;影子分身
Recover;Normal;Genesung;Soin;Recuperación;Ripresa;じこさいせい;HP회복;自我再生;自我再生
Harden;Normal;Härtner;Armure;Fortaleza;Rafforzatore;かたくなる;단단해지기;变硬;變硬
Minimize;Normal;Komprimator;Lilliput;Reducción;Minimizzato;ちいさくなる;작아지기;变小;變小
Smokescreen;Normal;Rauchwolke;Brouillard;Pantalla de Humo;Muro di Fumo;えんまく;연막;烟幕;煙幕
Confuse Ray;Ghost;Konfusstrahl;Onde Folie;Rayo Confuso;Stordiraggio;あやしいひかり;이상한빛;奇异之光;奇異之光
Withdraw;Water;Panzerschutz;Repli;Refugio;Ritirata;からにこもる;껍질에숨기;缩入壳中;縮入殼中
Defense Curl;Normal;Einigler;Boul'Armure;Rizo Defensa;Ricciolscudo;まるくなる;웅크리기;变圆;變圓
Barrier;Psychic;Barriere;Bouclier;Barrera;Barriera;バリアー;배리어;屏障;屏障
Light Screen;Psychic;Lichtschild;Mur Lumière;Pantalla de Luz;Schermoluce;ひかりのかべ;빛의장막;光墙;光牆
Haze;Ice;Dunkelnebel;Buée Noire;Niebla;Nube;くろいきり;흑안개;黑雾;黑霧
Reflect;Psychic;Reflektor;Protection;Reflejo;Riflesso;リフレクター;리플렉터;反射壁;反射壁
Focus Energy;Normal;Energiefokus;Puissance;Foco Energía;Focalenergia;きあいだめ;기충전;聚气;聚氣
Bide;Normal;Geduld;Patience;Venganza;Pazienza;がまん;참기;忍耐;忍耐
Metronome;Normal;Metronom;Métronome;Metrónomo;Metronomo;ゆびをふる;손가락흔들기;挥指;揮指
Mirror Move;Flying;Spiegeltrick;Mimique;Espejo;Speculmossa;オウムがえし;따라하기;鹦鹉学舌;鸚鵡學舌
Self-Destruct;Normal;Finale;Destruction;Autodestrucción;Autodistruzione;じばく;자폭;玉石俱碎;自爆
Egg Bomb;Normal;Eierbombe;Bombe Œuf;Bomba Huevo;Uovobomba;タマゴばくだん;알폭탄;炸蛋;炸蛋
Lick;Ghost;Schlecker;Léchouille;Lengüetazo;Leccata;したでなめる;핥기;舌舔;舌舔
Smog;Poison;Smog;Purédpois;Polución;Smog;スモッグ;스모그;浊雾;濁霧
Sludge;Poison;Schlammbad;Détritus;Residuos;Fango;ヘドロこうげき;오물공격;污泥攻击;污泥攻擊
Bone Club;Ground;Knochenkeule;Massd'Os;Hueso Palo;Ossoclava;ホネこんぼう;뼈다귀치기;骨棒;骨棒
Fire Blast;Fire;Feuersturm;Déflagration;Llamarada;Fuocobomba;だいもんじ;불대문자;大字爆炎;大字爆炎
Waterfall;Water;Kaskade;Cascade;Cascada;Cascata;たきのぼり;폭포오르기;攀瀑;攀瀑
Clamp;Water;Schnapper;Claquoir;Tenaza;Tenaglia;からではさむ;껍질끼우기;贝壳夹击;貝殼夾擊
Swift;Normal;Sternschauer;Météores;Meteoros;Comete;スピードスター;스피드스타;高速星星;高速星星
Skull Bash;Normal;Schädelwumme;Coud'Krâne;Cabezazo;Capocciata;ロケットずつき;로켓박치기;火箭头锤;火箭頭錘
Spike Cannon;Normal;Dornkanone;Picanon;Clavo Cañón;Sparalance;とげキャノン;가시대포;尖刺加农炮;尖刺加農炮
Constrict;Normal;Umklammerung;Constriction;Restricción;Limitazione;からみつく;휘감기;缠绕;纏繞
Amnesia;Psychic;Amnesie;Amnésie;Amnesia;Amnesia;ドわすれ;망각술;瞬间失忆;瞬間失憶
Kinesis;Psychic;Psykraft;Télékinésie;Kinético;Cinèsi;スプーンまげ;숟가락휘기;折弯汤匙;折彎湯匙
Soft-Boiled;Normal;Weichei;E-Coque;Ovocuración;Covauova;タマゴうみ;알낳기;生蛋;生蛋
High Jump Kick;Fighting;Turmkick;Pied Voltige;Pat. Salto Alta;Calcinvolo;とびひざげり;무릎차기;飞膝踢;飛膝踢
Glare;Normal;Schlangenblick;Regard Médusant;Deslumbrar;Sguardo Feroce;へびにらみ;뱀눈초리;大蛇瞪眼;大蛇瞪眼
Dream Eater;Psychic;Traumfresser;Dévorêve;Comesueños;Mangiasogni;ゆめくい;꿈먹기;食梦;食夢
Poison Gas;Poison;Giftwolke;Gaz Toxik;Gas Venenoso;Velenogas;どくガス;독가스;毒瓦斯;毒瓦斯
Barrage;Normal;Stakkato;Pilonnage;Bombardeo;Sferattacco;たまなげ;구슬던지기;投球;投球
Leech Life;Bug;Blutsauger;Vampirisme;Chupavidas;Sanguisuga;きゅうけつ;흡혈;汲取;吸血
Lovely Kiss;Normal;Todeskuss;Grobisou;Beso Amoroso;Demonbacio;あくまのキッス;악마의키스;恶魔之吻;惡魔之吻
Sky Attack;Flying;Himmelsfeger;Piqué;Ataque Aéreo;Aeroattacco;ゴッドバード;불새;神鸟猛击;神鳥猛擊
Transform;Normal;Wandler;Morphing;Transformación;Trasformazione;へんしん;변신;变身;變身
Bubble;Water;Blubber;Écume;Burbuja;Bolla;あわ;거품;泡沫;泡沫
Dizzy Punch;Normal;Irrschlag;Uppercut;Puño Mareo;Stordipugno;ピヨピヨパンチ;잼잼펀치;迷昏拳;迷昏拳
Spore;Grass;Pilzspore;Spore;Espora;Spora;キノコのほうし;버섯포자;蘑菇孢子;蘑菇孢子
Flash;Normal;Blitz;Flash;Destello;Flash;フラッシュ;플래시;闪光;閃光
Psywave;Psychic;Psywelle;Vague Psy;Psicoonda;Psiconda;サイコウェーブ;사이코웨이브;精神波;精神波
Splash;Normal;Platscher;Trempette;Salpicadura;Splash;はねる;튀어오르기;跃起;躍起
Acid Armor;Poison;Säurepanzer;Acidarmure;Armadura Ácida;Scudo Acido;とける;녹기;溶化;溶化
Crabhammer;Water;Krabbhammer;Pince-Masse;Martillazo;Martellata;クラブハンマー;집게해머;蟹钳锤;蟹鉗錘
Explosion;Normal;Explosion;Explosion;Explosión;Esplosione;だいばくはつ;대폭발;大爆炸;大爆炸
Fury Swipes;Normal;Kratzfurie;Combo-Griffe;Golpes Furia;Sfuriate;みだれひっかき;마구할퀴기;乱抓;亂抓
Bonemerang;Ground;Knochmerang;Osmerang;Huesomerang;Ossomerang;ホネブーメラン;뼈다귀부메랑;骨头回力镖;骨頭回力鏢
Rest;Psychic;Erholung;Repos;Descanso;Riposo;ねむる;잠자기;睡觉;睡覺
Rock Slide;Rock;Steinhagel;Éboulement;Avalancha;Frana;いわなだれ;스톤샤워;岩崩;岩崩
Hyper Fang;Normal;Hyperzahn;Croc de Mort;Hipercolmillo;Iperzanna;ひっさつまえば;필살앞니;终结门牙;必殺門牙
Sharpen;Normal;Schärfer;Affûtage;Afilar;Affilatore;かくばる;각지기;棱角化;稜角化
Conversion;Normal;Umwandlung;Conversion;Conversión;Conversione;テクスチャー;텍스처;纹理;紋理
Tri Attack;Normal;Triplette;Triplattaque;Triataque;Tripletta;トライアタック;트라이어택;三重攻击;三重攻擊
Super Fang;Normal;Superzahn;Croc Fatal;Superdiente;Superzanna;いかりのまえば;분노의앞니;愤怒门牙;憤怒門牙
Slash;Normal;Schlitzer;Tranche;Cuchillada;Lacerazione;きりさく;베어가르기;劈开;劈開
Substitute;Normal;Delegator;Clonage;Sustituto;Sostituto;みがわり;대타출동;替身;替身
Struggle;Normal;Verzweifler;Lutte;Forcejeo;Scontro;わるあがき;발버둥;挣扎;掙扎
Sketch;Normal;Nachahmer;Gribouille;Esquema;Schizzo;スケッチ;스케치;写生;寫生
Triple Kick;Fighting;Dreifachkick;Triple Pied;Triple Patada;Triplocalcio;トリプルキック;트리플킥;三连踢;三連踢
Thief;Dark;Raub;Larcin;Ladrón;Furto;どろぼう;도둑질;小偷;小偷
Spider Web;Bug;Spinnennetz;Toile;Telaraña;Ragnatela;クモのす;거미집;蛛网;蛛網
Mind Reader;Normal;Willensleser;Lire-Esprit;Telépata;Leggimente;こころのめ;마음의눈;心之眼;心之眼
Nightmare;Ghost;Nachtmahr;Cauchemar;Pesadilla;Incubo;あくむ;악몽;恶梦;惡夢
Flame Wheel;Fire;Flammenrad;Roue de Feu;Rueda Fuego;Ruotafuoco;かえんぐるま;화염바퀴;火焰轮;火焰輪
Snore;Normal;Schnarcher;Ronflement;Ronquido;Russare;いびき;코골기;打鼾;打鼾
Curse;Ghost;Fluch;Malédiction;Maldición;Maledizione;のろい;저주;咒术;詛咒
Flail;Normal;Dreschflegel;Gigotage;Azote;Flagello;じたばた;바둥바둥;抓狂;抓狂
Conversion 2;Normal;Umwandlung 2;Conversion 2;Conversión2;Conversione2;テクスチャー２;텍스처2;纹理２;紋理２
Aeroblast;Flying;Luftstoß;Aéroblast;Aerochorro;Aerocolpo;エアロブラスト;에어로블라스트;气旋攻击;氣旋攻擊
Cotton Spore;Grass;Baumwollsaat;Spore Coton;Esporagodón;Cotonspora;わたほうし;목화포자;棉孢子;棉孢子
Reversal;Fighting;Gegenschlag;Contre;Inversión;Contropiede;きしかいせい;기사회생;绝处逢生;起死回生
Spite;Ghost;Groll;Dépit;Rencor;Dispetto;うらみ;원한;怨恨;怨恨
Powder Snow;Ice;Pulverschnee;Poudreuse;Nieve Polvo;Polneve;こなゆき;눈싸라기;细雪;細雪
Protect;Normal;Schutzschild;Abri;Protección;Protezione;まもる;방어;守住;守住
Mach Punch;Fighting;Tempohieb;Mach Punch;Ultrapuño;Pugnorapido;マッハパンチ;마하펀치;音速拳;音速拳
Scary Face;Normal;Grimasse;Grimace;Cara Susto;Visotruce;こわいかお;겁나는얼굴;可怕面孔;鬼面
Feint Attack;Dark;Finte;Feinte;Finta;Finta;だましうち;속여때리기;出奇一击;出奇一擊
Sweet Kiss;Fairy;Bitterkuss;Doux Baiser;Beso Dulce;Dolcebacio;てんしのキッス;천사의키스;天使之吻;天使之吻
Belly Drum;Normal;Bauchtrommel;Cognobidon;Tambor;Panciamburo;はらだいこ;배북;腹鼓;腹鼓
Sludge Bomb;Poison;Matschbombe;Bombe Beurk;Bomba Lodo;Fangobomba;ヘドロばくだん;오물폭탄;污泥炸弹;污泥炸彈
Mud-Slap;Ground;Lehmschelle;Coud'Boue;Bofetón Lodo;Fangosberla;どろかけ;진흙뿌리기;掷泥;擲泥
Octazooka;Water;Octazooka;Octazooka;Pulpocañón;Octazooka;オクタンほう;대포무노포;章鱼桶炮;章魚桶炮
Spikes;Ground;Stachler;Picots;Púas;Punte;まきびし;압정뿌리기;撒菱;撒菱
Zap Cannon;Electric;Blitzkanone;Élecanon;Electrocañón;Elettrocannone;でんじほう;전자포;电磁炮;電磁炮
Foresight;Normal;Scharfblick;Clairvoyance;Profecía;Preveggenza;みやぶる;꿰뚫어보기;识破;識破
Destiny Bond;Ghost;Abgangsbund;Lien du Destin;Mismo Destino;Destinobbligato;みちづれ;길동무;同命;同命
Perish Song;Normal;Abgesang;Requiem;Canto Mortal;Ultimocanto;ほろびのうた;멸망의노래;终焉之歌;滅亡之歌
Icy Wind;Ice;Eissturm;Vent Glace;Viento Hielo;Ventogelato;こごえるかぜ;얼어붙은바람;冰冻之风;冰凍之風
Detect;Fighting;Scanner;Détection;Detección;Individua;みきり;판별;看穿;看穿
Bone Rush;Ground;Knochenhatz;Charge Os;Ataque Óseo;Ossoraffica;ボーンラッシュ;본러시;骨棒乱打;骨棒亂打
Lock-On;Normal;Zielschuss;Verrouillage;Fijar Blanco;Localizza;ロックオン;록온;锁定;鎖定
Outrage;Dragon;Wutanfall;Colère;Enfado;Oltraggio;げきりん;역린;逆鳞;逆鱗
Sandstorm;Rock;Sandsturm;Tempête de Sable;Tormenta Arena;Terrempesta;すなあらし;모래바람;沙暴;沙暴
Giga Drain;Grass;Gigasauger;Giga-Sangsue;Gigadrenado;Gigassorbimento;ギガドレイン;기가드레인;终极吸取;終極吸取
Endure;Normal;Ausdauer;Ténacité;Aguante;Resistenza;こらえる;버티기;挺住;挺住
Charm;Fairy;Charme;Charme;Encanto;Fascino;あまえる;애교부리기;撒娇;撒嬌
Rollout;Rock;Walzer;Roulade;Rodar;Rotolamento;ころがる;구르기;滚动;滾動
False Swipe;Normal;Trugschlag;Faux-Chage;Falso Tortazo;Falsofinale;みねうち;칼등치기;点到为止;點到為止
Swagger;Normal;Angeberei;Vantardise;Contoneo;Bullo;いばる;뽐내기;虚张声势;虛張聲勢
Milk Drink;Normal;Milchgetränk;Lait à Boire;Batido;Buonlatte;ミルクのみ;우유마시기;喝牛奶;喝牛奶
Spark;Electric;Funkensprung;Étincelle;Chispa;Scintilla;スパーク;스파크;电光;電光
Fury Cutter;Bug;Zornklinge;Taillade;Corte Furia;Tagliofuria;れんぞくぎり;연속자르기;连斩;連斬
Steel Wing;Steel;Stahlflügel;Ailes d'Acier;Ala de Acero;Alacciaio;はがねのつばさ;강철날개;钢翼;鋼翼
Mean Look;Normal;Horrorblick;Regard Noir;Mal de Ojo;Malosguardo;くろいまなざし;검은눈빛;黑色目光;黑色目光
Attract;Normal;Anziehung;Attraction;Atracción;Attrazione;メロメロ;헤롱헤롱;迷人;迷人
Sleep Talk;Normal;Schlafrede;Blabla Dodo;Sonámbulo;Sonnolalia;ねごと;잠꼬대;梦话;夢話
Heal Bell;Normal;Vitalglocke;Glas de Soin;Cascabel Cura;Rintoccasana;いやしのすず;치료방울;治愈铃声;治癒鈴聲
Return;Normal;Rückkehr;Retour;Retribución;Ritorno;おんがえし;은혜갚기;报恩;報恩
Present;Normal;Geschenk;Cadeau;Presente;Regalino;プレゼント;프레젠트;礼物;禮物
Frustration;Normal;Frustration;Frustration;Frustración;Frustrazione;やつあたり;화풀이;迁怒;遷怒
Safeguard;Normal;Bodyguard;Rune Protect;Velo Sagrado;Salvaguardia;しんぴのまもり;신비의부적;神秘守护;神秘守護
Pain Split;Normal;Leidteiler;Balance;Divide Dolor;Malcomune;いたみわけ;아픔나누기;分担痛楚;分擔痛楚
Sacred Fire;Fire;Läuterfeuer;Feu Sacré;Fuego Sagrado;Magifuoco;せいなるほのお;성스러운불꽃;神圣之火;神聖之火
Magnitude;Ground;Intensität;Ampleur;Magnitud;Magnitudo;マグニチュード;매그니튜드;震级;震級
Dynamic Punch;Fighting;Wuchtschlag;Dynamo-Poing;Puño Dinámico;Dinamipugno;ばくれつパンチ;폭발펀치;爆裂拳;爆裂拳
Megahorn;Bug;Vielender;Mégacorne;Megacuerno;Megacorno;メガホーン;메가혼;超级角击;超級角擊
Dragon Breath;Dragon;Feuerodem;Draco-Souffle;Dragoaliento;Dragospiro;りゅうのいぶき;용의숨결;龙息;龍息
Baton Pass;Normal;Stafette;Relais;Relevo;Staffetta;バトンタッチ;배턴터치;接棒;接棒
Encore;Normal;Zugabe;Encore;Otra Vez;Ripeti;アンコール;앙코르;再来一次;再來一次
Pursuit;Dark;Verfolgung;Poursuite;Persecución;Inseguimento;おいうち;따라가때리기;追打;追打
Rapid Spin;Normal;Turbodreher;Tour Rapide;Giro Rápido;Rapigiro;こうそくスピン;고속스핀;高速旋转;高速旋轉
Sweet Scent;Normal;Lockduft;Doux Parfum;Dulce Aroma;Profumino;あまいかおり;달콤한향기;甜甜香气;甜甜香氣
Iron Tail;Steel;Eisenschweif;Queue de Fer;Cola Férrea;Codacciaio;アイアンテール;아이언테일;铁尾;鐵尾
Metal Claw;Steel;Metallklaue;Griffe Acier;Garra Metal;Ferrartigli;メタルクロー;메탈클로;金属爪;金屬爪
Vital Throw;Fighting;Überwurf;Corps Perdu;Llave Vital;Vitaltiro;あてみなげ;받아던지기;借力摔;借力摔
Morning Sun;Normal;Morgengrauen;Aurore;Sol Matinal;Mattindoro;あさのひざし;아침햇살;晨光;晨光
Synthesis;Grass;Synthese;Synthèse;Síntesis;Sintesi;こうごうせい;광합성;光合作用;光合作用
Moonlight;Fairy;Mondschein;Rayon Lune;Luz Lunar;Lucelunare;つきのひかり;달빛;月光;月光
Hidden Power;Normal;Kraftreserve;Puissance Cachée;Poder Oculto;Introforza;めざめるパワー;잠재파워;觉醒力量;覺醒力量
Cross Chop;Fighting;Kreuzhieb;Coup Croix;Tajo Cruzado;Incrocolpo;クロスチョップ;크로스촙;十字劈;十字劈
Twister;Dragon;Windhose;Ouragan;Ciclón;Tornado;たつまき;회오리;龙卷风;龍捲風
Rain Dance;Water;Regentanz;Danse Pluie;Danza Lluvia;Pioggiadanza;あまごい;비바라기;求雨;求雨
Sunny Day;Fire;Sonnentag;Zénith;Día Soleado;Giornodisole;にほんばれ;쾌청;大晴天;大晴天
Crunch;Dark;Knirscher;Mâchouille;Triturar;Sgranocchio;かみくだく;깨물어부수기;咬碎;咬碎
Mirror Coat;Psychic;Spiegelcape;Voile Miroir;Manto Espejo;Specchiovelo;ミラーコート;미러코트;镜面反射;鏡面反射
Psych Up;Normal;Psycho-Plus;Boost;Autosugestión;Psicamisù;じこあんじ;자기암시;自我暗示;自我暗示
Extreme Speed;Normal;Turbotempo;Vitesse Extrême;Veloc. Extrema;Extrarapido;しんそく;신속;神速;神速
Ancient Power;Rock;Antik-Kraft;Pouvoir Antique;Poder Pasado;Forzantica;げんしのちから;원시의힘;原始之力;原始之力
Shadow Ball;Ghost;Spukball;Ball'Ombre;Bola Sombra;Palla Ombra;シャドーボール;섀도볼;暗影球;暗影球
Future Sight;Psychic;Seher;Prescience;Premonición;Divinazione;みらいよち;미래예지;预知未来;預知未來
Rock Smash;Fighting;Zertrümmerer;Éclate-Roc;Golpe Roca;Spaccaroccia;いわくだき;바위깨기;碎岩;碎岩
Whirlpool;Water;Whirlpool;Siphon;Torbellino;Mulinello;うずしお;바다회오리;潮旋;潮旋
Beat Up;Dark;Prügler;Baston;Paliza;Picchiaduro;ふくろだたき;집단구타;围攻;圍攻
Fake Out;Normal;Mogelhieb;Bluff;Sorpresa;Bruciapelo;ねこだまし;속이기;击掌奇袭;擊掌奇襲
Uproar;Normal;Aufruhr;Brouhaha;Alboroto;Baraonda;さわぐ;소란피기;吵闹;吵鬧
Stockpile;Normal;Horter;Stockage;Reserva;Accumulo;たくわえる;비축하기;蓄力;蓄力
Spit Up;Normal;Entfessler;Relâche;Escupir;Sfoghenergia;はきだす;토해내기;喷出;噴出
Swallow;Normal;Verzehrer;Avale;Tragar;Introenergia;のみこむ;꿀꺽;吞下;吞下
Heat Wave;Fire;Hitzewelle;Canicule;Onda Ígnea;Ondacalda;ねっぷう;열풍;热风;熱風
Hail;Ice;Hagelsturm;Grêle;Granizo;Grandine;あられ;싸라기눈;冰雹;冰雹
Torment;Dark;Folterknecht;Tourmente;Tormento;Attaccalite;いちゃもん;트집;无理取闹;無理取鬧
Flatter;Dark;Schmeichler;Flatterie;Camelo;Adulazione;おだてる;부추기기;吹捧;吹捧
Will-O-Wisp;Fire;Irrlicht;Feu Follet;Fuego Fatuo;Fuocofatuo;おにび;도깨비불;磷火;鬼火
Memento;Dark;Memento-Mori;Souvenir;Legado;Memento;おきみやげ;추억의선물;临别礼物;臨別禮物
Facade;Normal;Fassade;Façade;Imagen;Facciata;からげんき;객기;硬撑;硬撐
Focus Punch;Fighting;Power-Punch;Mitra-Poing;Puño Certero;Centripugno;きあいパンチ;힘껏펀치;真气拳;真氣拳
Smelling Salts;Normal;Riechsalz;Stimulant;Estímulo;Maniereforti;きつけ;정신차리기;清醒;清醒
Follow Me;Normal;Spotlight;Par Ici;Señuelo;Sonoqui;このゆびとまれ;날따름;看我嘛;看我嘛
Nature Power;Normal;Natur-Kraft;Force Nature;Adaptación;Naturforza;しぜんのちから;자연의힘;自然之力;自然之力
Charge;Electric;Ladevorgang;Chargeur;Carga;Sottocarica;じゅうでん;충전;充电;充電
Taunt;Dark;Verhöhner;Provoc;Mofa;Provocazione;ちょうはつ;도발;挑衅;挑釁
Helping Hand;Normal;Rechte Hand;Coup d'Main;Refuerzo;Altruismo;てだすけ;도우미;帮助;幫助
Trick;Psychic;Trickbetrug;Tour de Magie;Truco;Raggiro;トリック;트릭;戏法;戲法
Role Play;Psychic;Rollenspiel;Imitation;Imitación;Giocodiruolo;なりきり;역할;扮演;扮演
Wish;Normal;Wunschtraum;Vœu;Deseo;Desiderio;ねがいごと;희망사항;祈愿;祈願
Assist;Normal;Zuschuss;Assistance;Ayuda;Assistente;ねこのて;조수;借助;借助
Ingrain;Grass;Verwurzler;Racines;Arraigo;Radicamento;ねをはる;뿌리박기;扎根;扎根
Superpower;Fighting;Kraftkoloss;Surpuissance;Fuerza Bruta;Troppoforte;ばかぢから;엄청난힘;蛮力;蠻力
Magic Coat;Psychic;Magiemantel;Reflet Magik;Capa Mágica;Magivelo;マジックコート;매직코트;魔法反射;魔法反射
Recycle;Normal;Aufbereitung;Recyclage;Reciclaje;Riciclo;リサイクル;리사이클;回收利用;回收利用
Revenge;Fighting;Vergeltung;Vendetta;Desquite;Vendetta;リベンジ;리벤지;报复;報復
Brick Break;Fighting;Durchbruch;Casse-Brique;Demolición;Breccia;かわらわり;깨트리기;劈瓦;劈瓦
Yawn;Normal;Gähner;Bâillement;Bostezo;Sbadiglio;あくび;하품;哈欠;哈欠
Knock Off;Dark;Abschlag;Sabotage;Desarme;Privazione;はたきおとす;탁쳐서떨구기;拍落;拍落
Endeavor;Normal;Notsituation;Effort;Esfuerzo;Rimonta;がむしゃら;죽기살기;蛮干;蠻幹
Eruption;Fire;Eruption;Éruption;Estallido;Eruzione;ふんか;분화;喷火;噴火
Skill Swap;Psychic;Fähigkeitstausch;Échange;Intercambio;Baratto;スキルスワップ;스킬스왑;特性互换;特性互換
Imprison;Psychic;Begrenzer;Possessif;Sellar;Esclusiva;ふういん;봉인;封印;封印
Refresh;Normal;Heilung;Régénération;Alivio;Rinfrescata;リフレッシュ;리프레시;焕然一新;煥然一新
Grudge;Ghost;Nachspiel;Rancune;Rabia;Rancore;おんねん;원념;怨念;怨念
Snatch;Dark;Übernahme;Saisie;Robo;Scippo;よこどり;가로채기;化为己用;搶奪
Secret Power;Normal;Geheimpower;Force Cachée;Daño Secreto;Forzasegreta;ひみつのちから;비밀의힘;秘密之力;秘密之力
Dive;Water;Taucher;Plongée;Buceo;Sub;ダイビング;다이빙;潜水;潛水
Arm Thrust;Fighting;Armstoß;Cogne;Empujón;Sberletese;つっぱり;손바닥치기;猛推;猛推
Camouflage;Normal;Tarnung;Camouflage;Camuflaje;Camuffamento;ほごしょく;보호색;保护色;保護色
Tail Glow;Bug;Schweifglanz;Lumi-Queue;Luminicola;Codadiluce;ほたるび;반딧불;萤火;螢火
Luster Purge;Psychic;Scheinwerfer;Lumi-Éclat;Resplandor;Abbagliante;ラスターパージ;러스터퍼지;洁净光芒;潔淨光芒
Mist Ball;Psychic;Nebelball;Ball'Brume;Bola Neblina;Foschisfera;ミストボール;미스트볼;薄雾球;薄霧球
Feather Dance;Flying;Daunenreigen;Danse Plumes;Danza Pluma;Danzadipiume;フェザーダンス;깃털댄스;羽毛舞;羽毛舞
Teeter Dance;Normal;Taumeltanz;Danse Folle;Danza Caos;Strampadanza;フラフラダンス;흔들흔들댄스;摇晃舞;搖晃舞
Blaze Kick;Fire;Feuerfeger;Pied Brûleur;Patada Ígnea;Calciardente;ブレイズキック;블레이즈킥;火焰踢;火焰踢
Mud Sport;Ground;Lehmsuhler;Lance-Boue;Chapoteo Lodo;Fangata;どろあそび;흙놀이;玩泥巴;玩泥巴
Ice Ball;Ice;Frostbeule;Ball'Glace;Bola Hielo;Palla Gelo;アイスボール;아이스볼;冰球;冰球
Needle Arm;Grass;Nietenranke;Poing Dard;Brazo Pincho;Pugnospine;ニードルアーム;바늘팔;尖刺臂;尖刺臂
Slack Off;Normal;Tagedieb;Paresse;Relajo;Pigro;なまける;게으름피우기;偷懒;偷懶
Hyper Voice;Normal;Schallwelle;Mégaphone;Vozarrón;Granvoce;ハイパーボイス;하이퍼보이스;巨声;巨聲
Poison Fang;Poison;Giftzahn;Crochet Venin;Colmillo Veneno;Velenodenti;どくどくのキバ;맹독엄니;剧毒牙;劇毒牙
Crush Claw;Normal;Zermalmklaue;Éclate Griffe;Garra Brutal;Tritartigli;ブレイククロー;브레이크클로;撕裂爪;撕裂爪
Blast Burn;Fire;Lohekanonade;Rafale Feu;Anillo Ígneo;Incendio;ブラストバーン;블라스트번;爆炸烈焰;爆炸烈焰
Hydro Cannon;Water;Aquahaubitze;Hydroblast;Hidrocañón;Idrocannone;ハイドロカノン;하이드로캐논;加农水炮;加農水炮
Meteor Mash;Steel;Sternenhieb;Poing Météore;Puño Meteoro;Meteorpugno;コメットパンチ;코멧펀치;彗星拳;彗星拳
Astonish;Ghost;Erstauner;Étonnement;Impresionar;Sgomento;おどろかす;놀래키기;惊吓;驚嚇
Weather Ball;Normal;Meteorologe;Ball'Météo;Meteorobola;Palla Clima;ウェザーボール;웨더볼;气象球;氣象球
Aromatherapy;Grass;Aromakur;Aromathérapie;Aromaterapia;Aromaterapia;アロマセラピー;아로마테라피;芳香治疗;芳香治療
Fake Tears;Dark;Trugträne;Croco Larme;Llanto Falso;Falselacrime;うそなき;거짓울음;假哭;假哭
Air Cutter;Flying;Windschnitt;Tranch'Air;Aire Afilado;Aerasoio;エアカッター;에어커터;空气利刃;空氣利刃
Overheat;Fire;Hitzekoller;Surchauffe;Sofoco;Vampata;オーバーヒート;오버히트;过热;過熱
Odor Sleuth;Normal;Schnüffler;Flair;Rastreo;Segugio;かぎわける;냄새구별;气味侦测;氣味偵測
Rock Tomb;Rock;Felsgrab;Tomberoche;Tumba Rocas;Rocciotomba;がんせきふうじ;암석봉인;岩石封锁;岩石封鎖
Silver Wind;Bug;Silberhauch;Vent Argenté;Viento Plata;Ventargenteo;ぎんいろのかぜ;은빛바람;银色旋风;銀色旋風
Metal Sound;Steel;Metallsound;Strido-Son;Eco Metálico;Ferrostrido;きんぞくおん;금속음;金属音;金屬音
Grass Whistle;Grass;Grasflöte;Siffl'Herbe;Silbato;Meloderba;くさぶえ;풀피리;草笛;草笛
Tickle;Normal;Spaßkanone;Chatouille;Cosquillas;Solletico;くすぐる;간지르기;挠痒;搔癢
Cosmic Power;Psychic;Kosmik-Kraft;Force Cosmique;Masa Cósmica;Cosmoforza;コスモパワー;코스믹파워;宇宙力量;宇宙力量
Water Spout;Water;Fontränen;Giclédo;Salpicar;Zampillo;しおふき;해수스파우팅;喷水;噴水
Signal Beam;Bug;Ampelleuchte;Rayon Signal;Rayo Señal;Segnoraggio;シグナルビーム;시그널빔;信号光束;信號光束
Shadow Punch;Ghost;Finsterfaust;Poing Ombre;Puño Sombra;Pugnodombra;シャドーパンチ;섀도펀치;暗影拳;暗影拳
Extrasensory;Psychic;Sondersensor;Extrasenseur;Paranormal;Extrasenso;じんつうりき;신통력;神通力;神通力
Sky Uppercut;Fighting;Himmelhieb;Stratopercut;Gancho Alto;Stramontante;スカイアッパー;스카이어퍼;冲天拳;衝天拳
Sand Tomb;Ground;Sandgrab;Tourbi-Sable;Bucle Arena;Sabbiotomba;すなじごく;모래지옥;流沙深渊;流沙地獄
Sheer Cold;Ice;Eiseskälte;Glaciation;Frío Polar;Purogelo;ぜったいれいど;절대영도;绝对零度;絕對零度
Muddy Water;Water;Lehmbrühe;Ocroupi;Agua Lodosa;Fanghiglia;だくりゅう;탁류;浊流;濁流
Bullet Seed;Grass;Kugelsaat;Balle Graine;Semilladora;Semitraglia;タネマシンガン;씨기관총;种子机关枪;種子機關槍
Aerial Ace;Flying;Aero-Ass;Aéropique;Golpe Aéreo;Aeroassalto;つばめがえし;제비반환;燕返;燕返
Icicle Spear;Ice;Eisspeer;Stalactite;Carámbano;Gelolancia;つららばり;고드름침;冰锥;冰錐
Iron Defense;Steel;Eisenabwehr;Mur de Fer;Defensa Férrea;Ferroscudo;てっぺき;철벽;铁壁;鐵壁
Block;Normal;Rückentzug;Barrage;Bloqueo;Blocco;とおせんぼう;블록;挡路;擋路
Howl;Normal;Jauler;Grondement;Aullido;Gridodilotta;とおぼえ;멀리짖기;长嚎;長嚎
Dragon Claw;Dragon;Drachenklaue;Draco-Griffe;Garra Dragón;Dragartigli;ドラゴンクロー;드래곤클로;龙爪;龍爪
Frenzy Plant;Grass;Flora-Statue;Végé-Attaque;Planta Feroz;Radicalbero;ハードプラント;하드플랜트;疯狂植物;瘋狂植物
Bulk Up;Fighting;Protzer;Gonflette;Corpulencia;Granfisico;ビルドアップ;벌크업;健美;健美
Bounce;Flying;Sprungfeder;Rebond;Bote;Rimbalzo;とびはねる;뛰어오르기;弹跳;彈跳
Mud Shot;Ground;Lehmschuss;Tir de Boue;Disparo Lodo;Colpodifango;マッドショット;머드샷;泥巴射击;泥巴射擊
Poison Tail;Poison;Giftschweif;Queue-Poison;Cola Veneno;Velenocoda;ポイズンテール;포이즌테일;毒尾;毒尾
Covet;Normal;Bezirzer;Implore;Antojo;Supplica;ほしがる;탐내기;渴望;渴望
Volt Tackle;Electric;Volttackle;Électacle;Placaje Eléc;Locomovolt;ボルテッカー;볼트태클;伏特攻击;伏特攻擊
Magical Leaf;Grass;Zauberblatt;Feuille Magik;Hoja Mágica;Fogliamagica;マジカルリーフ;매지컬리프;魔法叶;魔法葉
Water Sport;Water;Nassmacher;Tourniquet;Hidrochorro;Docciascudo;みずあそび;물놀이;玩水;玩水
Calm Mind;Psychic;Gedankengut;Plénitude;Paz Mental;Calmamente;めいそう;명상;冥想;冥想
Leaf Blade;Grass;Laubklinge;Lame Feuille;Hoja Aguda;Fendifoglia;リーフブレード;리프블레이드;叶刃;葉刃
Dragon Dance;Dragon;Drachentanz;Danse Draco;Danza Dragón;Dragodanza;りゅうのまい;용의춤;龙之舞;龍之舞
Rock Blast;Rock;Felswurf;Boule Roc;Pedrada;Cadutamassi;ロックブラスト;록블라스트;岩石爆击;岩石爆擊
Shock Wave;Electric;Schockwelle;Onde de Choc;Onda Voltio;Ondashock;でんげきは;전격파;电击波;電擊波
Water Pulse;Water;Aquawelle;Vibraqua;Hidropulso;Idropulsar;みずのはどう;물의파동;水之波动;水之波動
Doom Desire;Steel;Kismetwunsch;Vœu Destructeur;Deseo Oculto;Desiderio Fatale;はめつのねがい;파멸의소원;破灭之愿;破滅之願
Psycho Boost;Psychic;Psyschub;Psycho-Boost;Psicoataque;Psicoslancio;サイコブースト;사이코부스트;精神突进;精神突進
Roost;Flying;Ruheort;Atterrissage;Respiro;Trespolo;はねやすめ;날개쉬기;羽栖;羽棲
Gravity;Psychic;Erdanziehung;Gravité;Gravedad;Gravità;じゅうりょく;중력;重力;重力
Miracle Eye;Psychic;Wunderauge;Œil Miracle;Gran Ojo;Miracolvista;ミラクルアイ;미라클아이;奇迹之眼;奇跡之眼
Wake-Up Slap;Fighting;Weckruf;Réveil Forcé;Espabila;Svegliopacca;めざましビンタ;잠깨움뺨치기;唤醒巴掌;喚醒巴掌
Hammer Arm;Fighting;Hammerarm;Marto-Poing;Machada;Martelpugno;アームハンマー;암해머;臂锤;臂錘
Gyro Ball;Steel;Gyroball;Gyroballe;Giro Bola;Vortexpalla;ジャイロボール;자이로볼;陀螺球;陀螺球
Healing Wish;Psychic;Heilopfer;Vœu Soin;Deseo Cura;Curardore;いやしのねがい;치유소원;治愈之愿;治癒之願
Brine;Water;Lake;Saumure;Salmuera;Acquadisale;しおみず;소금물;盐水;鹽水
Natural Gift;Normal;Beerenkräfte;Don Naturel;Don Natural;Dononaturale;しぜんのめぐみ;자연의은혜;自然之恩;自然之恩
Feint;Normal;Offenlegung;Ruse;Amago;Fintoattacco;フェイント;페인트;佯攻;佯攻
Pluck;Flying;Pflücker;Picore;Picoteo;Spennata;ついばむ;쪼아대기;啄食;啄食
Tailwind;Flying;Rückenwind;Vent Arrière;Viento Afín;Ventoincoda;おいかぜ;순풍;顺风;順風
Acupressure;Normal;Akupressur;Acupression;Acupresión;Acupressione;つぼをつく;경혈찌르기;点穴;點穴
Metal Burst;Steel;Metallstoß;Fulmifer;Represión Metal;Metalscoppio;メタルバースト;메탈버스트;金属爆炸;金屬爆炸
U-turn;Bug;Kehrtwende;Demi-Tour;Ida y Vuelta;Retromarcia;とんぼがえり;유턴;急速折返;急速折返
Close Combat;Fighting;Nahkampf;Close Combat;A Bocajarro;Zuffa;インファイト;인파이트;近身战;近身戰
Payback;Dark;Gegenstoß;Représailles;Vendetta;Rivincita;しっぺがえし;보복;以牙还牙;以牙還牙
Assurance;Dark;Gewissheit;Assurance;Buena Baza;Garanzia;ダメおし;승부굳히기;恶意追击;惡意追擊
Embargo;Dark;Itemsperre;Embargo;Embargo;Divieto;さしおさえ;금제;查封;查封
Fling;Dark;Schleuder;Dégommage;Lanzamiento;Lancio;なげつける;내던지기;投掷;投擲
Psycho Shift;Psychic;Psybann;Échange Psy;Psicocambio;Psicotransfer;サイコシフト;사이코시프트;精神转移;精神轉移
Trump Card;Normal;Trumpfkarte;Atout;As Oculto;Asso;きりふだ;마지막수단;王牌;王牌
Heal Block;Psychic;Heilblockade;Anti-Soin;Anticura;Anticura;かいふくふうじ;회복봉인;回复封锁;回復封鎖
Wring Out;Normal;Auswringen;Essorage;Estrujón;Strizzata;しぼりとる;쥐어짜기;绞紧;絞緊
Power Trick;Psychic;Krafttrick;Astuce Force;Truco Fuerza;Ingannoforza;パワートリック;파워트릭;力量戏法;力量戲法
Gastro Acid;Poison;Magensäfte;Suc Digestif;Bilis;Gastroacido;いえき;위액;胃液;胃液
Lucky Chant;Normal;Beschwörung;Air Veinard;Conjuro;Fortuncanto;おまじない;주술;幸运咒语;幸運咒語
Me First;Normal;Egotrip;Moi d'Abord;Yo Primero;Precedenza;さきどり;선취;抢先一步;搶先一步
Copycat;Normal;Imitator;Photocopie;Copión;Copione;まねっこ;흉내쟁이;仿效;仿效
Power Swap;Psychic;Krafttausch;Permuforce;Cambiafuerza;Barattoforza;パワースワップ;파워스왑;力量互换;力量互換
Guard Swap;Psychic;Schutztausch;Permugarde;Cambiadefensa;Barattoscudo;ガードスワップ;가드스왑;防守互换;防守互換
Punishment;Dark;Strafattacke;Punition;Castigo;Punizione;おしおき;혼내기;惩罚;懲罰
Last Resort;Normal;Zuflucht;Dernier Recours;Última Baza;Ultimascelta;とっておき;비장의무기;珍藏;珍藏
Worry Seed;Grass;Sorgensamen;Soucigraine;Abatidoras;Affannoseme;なやみのタネ;고민씨;烦恼种子;煩惱種子
Sucker Punch;Dark;Tiefschlag;Coup Bas;Golpe Bajo;Sbigoattacco;ふいうち;기습;突袭;突襲
Toxic Spikes;Poison;Giftspitzen;Pics Toxik;Púas Tóxicas;Fielepunte;どくびし;독압정;毒菱;毒菱
Heart Swap;Psychic;Statustausch;Permucœur;Cambiaalmas;Cuorbaratto;ハートスワップ;하트스왑;心灵互换;心靈互換
Aqua Ring;Water;Wasserring;Anneau Hydro;Acua Aro;Acquanello;アクアリング;아쿠아링;水流环;水流環
Magnet Rise;Electric;Magnetflug;Vol Magnétik;Levitón;Magnetascesa;でんじふゆう;전자부유;电磁飘浮;電磁飄浮
Flare Blitz;Fire;Flammenblitz;Boutefeu;Envite Ígneo;Fuococarica;フレアドライブ;플레어드라이브;闪焰冲锋;閃焰衝鋒
Force Palm;Fighting;Kraftwelle;Forte-Paume;Palmeo;Palmoforza;はっけい;발경;发劲;發勁
Aura Sphere;Fighting;Aurasphäre;Aurasphère;Esfera Aural;Sferapulsar;はどうだん;파동탄;波导弹;波導彈
Rock Polish;Rock;Steinpolitur;Poliroche;Pulimento;Lucidatura;ロックカット;록커트;岩石打磨;岩石打磨
Poison Jab;Poison;Gifthieb;Direct Toxik;Puya Nociva;Velenpuntura;どくづき;독찌르기;毒击;毒擊
Dark Pulse;Dark;Finsteraura;Vibrobscur;Pulso Umbrío;Neropulsar;あくのはどう;악의파동;恶之波动;惡之波動
Night Slash;Dark;Nachthieb;Tranche-Nuit;Tajo Umbrío;Nottesferza;つじぎり;깜짝베기;暗袭要害;暗襲要害
Aqua Tail;Water;Nassschweif;Hydro-Queue;Acua Cola;Idrondata;アクアテール;아쿠아테일;水流尾;水流尾
Seed Bomb;Grass;Samenbomben;Canon Graine;Bomba Germen;Semebomba;タネばくだん;씨폭탄;种子炸弹;種子炸彈
Air Slash;Flying;Luftschnitt;Lame d'Air;Tajo Aéreo;Eterelama;エアスラッシュ;에어슬래시;空气之刃;空氣斬
X-Scissor;Bug;Kreuzschere;Plaie Croix;Tijera X;Forbice X;シザークロス;시저크로스;十字剪;十字剪
Bug Buzz;Bug;Käfergebrumm;Bourdon;Zumbido;Ronzio;むしのさざめき;벌레의야단법석;虫鸣;蟲鳴
Dragon Pulse;Dragon;Drachenpuls;Draco-Choc;Pulso Dragón;Dragopulsar;りゅうのはどう;용의파동;龙之波动;龍之波動
Dragon Rush;Dragon;Drachenstoß;Draco-Charge;Carga Dragón;Dragofuria;ドラゴンダイブ;드래곤다이브;龙之俯冲;龍之俯衝
Power Gem;Rock;Juwelenkraft;Rayon Gemme;Joya de Luz;Gemmoforza;パワージェム;파워젬;力量宝石;力量寶石
Drain Punch;Fighting;Ableithieb;Vampi-Poing;Puño Drenaje;Assorbipugno;ドレインパンチ;드레인펀치;吸取拳;吸取拳
Vacuum Wave;Fighting;Vakuumwelle;Onde Vide;Onda Vacío;Vuotonda;しんくうは;진공파;真空波;真空波
Focus Blast;Fighting;Fokusstoß;Exploforce;Onda Certera;Focalcolpo;きあいだま;기합구슬;真气弹;真氣彈
Energy Ball;Grass;Energieball;Éco-Sphère;Energibola;Energipalla;エナジーボール;에너지볼;能量球;能量球
Brave Bird;Flying;Sturzflug;Rapace;Pájaro Osado;Baldeali;ブレイブバード;브레이브버드;勇鸟猛攻;勇鳥猛攻
Earth Power;Ground;Erdkräfte;Telluriforce;Tierra Viva;Geoforza;だいちのちから;대지의힘;大地之力;大地之力
Switcheroo;Dark;Wechseldich;Passe-Passe;Trapicheo;Rapidscambio;すりかえ;바꿔치기;掉包;掉包
Giga Impact;Normal;Gigastoß;Giga Impact;Gigaimpacto;Gigaimpatto;ギガインパクト;기가임팩트;终极冲击;終極衝擊
Nasty Plot;Dark;Ränkeschmied;Machination;Maquinación;Congiura;わるだくみ;나쁜음모;诡计;詭計
Bullet Punch;Steel;Patronenhieb;Pisto-Poing;Puño Bala;Pugnoscarica;バレットパンチ;불릿펀치;子弹拳;子彈拳
Avalanche;Ice;Lawine;Avalanche;Alud;Slavina;ゆきなだれ;눈사태;雪崩;雪崩
Ice Shard;Ice;Eissplitter;Éclats Glace;Esquirla Helada;Geloscheggia;こおりのつぶて;얼음뭉치;冰砾;冰礫
Shadow Claw;Ghost;Dunkelklaue;Griffe Ombre;Garra Umbría;Ombrartigli;シャドークロー;섀도클로;暗影爪;暗影爪
Thunder Fang;Electric;Donnerzahn;Crocs Éclair;Colmillo Rayo;Fulmindenti;かみなりのキバ;번개엄니;雷电牙;雷電牙
Ice Fang;Ice;Eiszahn;Crocs Givre;Colmillo Hielo;Gelodenti;こおりのキバ;얼음엄니;冰冻牙;冰凍牙
Fire Fang;Fire;Feuerzahn;Crocs Feu;Colmillo Ígneo;Rogodenti;ほのおのキバ;불꽃엄니;火焰牙;火焰牙
Shadow Sneak;Ghost;Schattenstoß;Ombre Portée;Sombra Vil;Furtivombra;かげうち;야습;影子偷袭;影子偷襲
Mud Bomb;Ground;Schlammbombe;Boue-Bombe;Bomba Fango;Pantanobomba;どろばくだん;진흙폭탄;泥巴炸弹;泥巴炸彈
Psycho Cut;Psychic;Psychoklinge;Coupe Psycho;Psicocorte;Psicotaglio;サイコカッター;사이코커터;精神利刃;精神利刃
Zen Headbutt;Psychic;Zen-Kopfstoß;Psykoud'Boul;Cabezazo Zen;Cozzata Zen;しねんのずつき;사념의박치기;意念头锤;意念頭錘
Mirror Shot;Steel;Spiegelsalve;Miroi-Tir;Disparo Espejo;Cristalcolpo;ミラーショット;미러샷;镜光射击;鏡光射擊
Flash Cannon;Steel;Lichtkanone;Luminocanon;Foco Resplandor;Cannonflash;ラスターカノン;러스터캐논;加农光炮;加農光炮
Rock Climb;Normal;Kraxler;Escalade;Treparrocas;Scalaroccia;ロッククライム;록클라임;攀岩;攀岩
Defog;Flying;Auflockern;Anti-Brume;Despejar;Scacciabruma;きりばらい;안개제거;清除浓雾;清除濃霧
Trick Room;Psychic;Bizarroraum;Distorsion;Espacio Raro;Distortozona;トリックルーム;트릭룸;戏法空间;戲法空間
Draco Meteor;Dragon;Draco Meteor;Draco-Météore;Cometa Draco;Dragobolide;りゅうせいぐん;용성군;流星群;流星群
Discharge;Electric;Ladungsstoß;Coup d'Jus;Chispazo;Scarica;ほうでん;방전;放电;放電
Lava Plume;Fire;Flammensturm;Ébullilave;Humareda;Lavasbuffo;ふんえん;분연;喷烟;噴煙
Leaf Storm;Grass;Blättersturm;Tempête Verte;Lluevehojas;Verdebufera;リーフストーム;리프스톰;飞叶风暴;飛葉風暴
Power Whip;Grass;Blattgeißel;Mégafouet;Latigazo;Vigorcolpo;パワーウィップ;파워휩;强力鞭打;強力鞭打
Rock Wrecker;Rock;Felswerfer;Roc-Boulet;Romperrocas;Devastomasso;がんせきほう;암석포;岩石炮;岩石炮
Cross Poison;Poison;Giftstreich;Poison Croix;Veneno X;Velenocroce;クロスポイズン;크로스포이즌;十字毒刃;十字毒刃
Gunk Shot;Poison;Mülltreffer;Détricanon;Lanzamugre;Sporcolancio;ダストシュート;더스트슈트;垃圾射击;垃圾射擊
Iron Head;Steel;Eisenschädel;Tête de Fer;Cabeza de Hierro;Metaltestata;アイアンヘッド;아이언헤드;铁头;鐵頭
Magnet Bomb;Steel;Magnetbombe;Bombe Aimant;Bomba Imán;Bombagnete;マグネットボム;마그넷봄;磁铁炸弹;磁鐵炸彈
Stone Edge;Rock;Steinkante;Lame de Roc;Roca Afilada;Pietrataglio;ストーンエッジ;스톤에지;尖石攻击;尖石攻擊
Captivate;Normal;Liebreiz;Séduction;Seducción;Incanto;ゆうわく;유혹;诱惑;誘惑
Stealth Rock;Rock;Tarnsteine;Piège de Roc;Trampa Rocas;Levitoroccia;ステルスロック;스텔스록;隐形岩;隱形岩
Grass Knot;Grass;Strauchler;Nœud Herbe;Hierba Lazo;Laccioerboso;くさむすび;풀묶기;打草结;打草結
Chatter;Flying;Geschwätz;Babil;Cháchara;Schiamazzo;おしゃべり;수다;喋喋不休;喋喋不休
Judgment;Normal;Urteilskraft;Jugement;Sentencia;Giudizio;さばきのつぶて;심판의뭉치;制裁光砾;制裁光礫
Bug Bite;Bug;Käferbiss;Piqûre;Picadura;Coleomorso;むしくい;벌레먹기;虫咬;蟲咬
Charge Beam;Electric;Ladestrahl;Rayon Chargé;Rayo Carga;Raggioscossa;チャージビーム;차지빔;充电光束;充電光束
Wood Hammer;Grass;Holzhammer;Martobois;Mazazo;Mazzuolegno;ウッドハンマー;우드해머;木槌;木槌
Aqua Jet;Water;Wasserdüse;Aqua-Jet;Acua Jet;Acquagetto;アクアジェット;아쿠아제트;水流喷射;水流噴射
Attack Order;Bug;Schlagbefehl;Appel Attaque;Al Ataque;Comandourto;こうげきしれい;공격지령;攻击指令;攻擊指令
Defend Order;Bug;Blockbefehl;Appel Défense;A Defender;Comandoscudo;ぼうぎょしれい;방어지령;防御指令;防禦指令
Heal Order;Bug;Heilbefehl;Appel Soins;Auxilio;Comandocura;かいふくしれい;회복지령;回复指令;回復指令
Head Smash;Rock;Kopfstoß;Fracass'Tête;Testarazo;Zuccata;もろはのずつき;양날박치기;双刃头锤;雙刃頭錘
Double Hit;Normal;Doppelschlag;Coup Double;Doble Golpe;Doppiosmash;ダブルアタック;더블어택;二连击;二連擊
Roar of Time;Dragon;Zeitenlärm;Hurle-Temps;Distorsión;Fragortempo;ときのほうこう;시간의포효;时光咆哮;時光咆哮
Spacial Rend;Dragon;Raumschlag;Spatio-Rift;Corte Vacío;Fendispazio;あくうせつだん;공간절단;亚空裂斩;亞空裂斬
Lunar Dance;Psychic;Lunartanz;Danse Lune;Danza Lunar;Lunardanza;みかづきのまい;초승달춤;新月舞;新月舞
Crush Grip;Normal;Quetschgriff;Presse;Agarrón;Sbriciolmano;にぎりつぶす;묵사발;捏碎;捏碎
Magma Storm;Fire;Lavasturm;Vortex Magma;Lluvia Ígnea;Magmaclisma;マグマストーム;마그마스톰;熔岩风暴;熔岩風暴
Dark Void;Dark;Schlummerort;Trou Noir;Brecha Negra;Vuototetro;ダークホール;다크홀;暗黑洞;暗黑洞
Seed Flare;Grass;Schocksamen;Fulmigraine;Fulgor Semilla;Infuriaseme;シードフレア;시드플레어;种子闪光;種子閃光
Ominous Wind;Ghost;Unheilböen;Vent Mauvais;Viento Aciago;Funestovento;あやしいかぜ;괴상한바람;奇异之风;奇異之風
Shadow Force;Ghost;Schemenkraft;Revenant;Golpe Umbrío;Oscurotuffo;シャドーダイブ;섀도다이브;暗影潜袭;暗影潛襲
Hone Claws;Dark;Klauenwetzer;Aiguisage;Afilagarras;Unghiaguzze;つめとぎ;손톱갈기;磨爪;磨爪
Wide Guard;Rock;Rundumschutz;Garde Large;Vasta Guardia;Bodyguard;ワイドガード;와이드가드;广域防守;廣域防守
Guard Split;Psychic;Schutzteiler;Partage Garde;Isoguardia;Paridifesa;ガードシェア;가드셰어;防守平分;防守平分
Power Split;Psychic;Kraftteiler;Partage Force;Isofuerza;Pariattacco;パワーシェア;파워셰어;力量平分;力量平分
Wonder Room;Psychic;Wunderraum;Zone Étrange;Zona Extraña;Mirabilzona;ワンダールーム;원더룸;奇妙空间;奇妙空間
Psyshock;Psychic;Psychoschock;Choc Psy;Psicocarga;Psicoshock;サイコショック;사이코쇼크;精神冲击;精神衝擊
Venoshock;Poison;Giftschock;Choc Venin;Carga Tóxica;Velenoshock;ベノムショック;베놈쇼크;毒液冲击;毒液衝擊
Autotomize;Steel;Autotomie;Allègement;Aligerar;Sganciapesi;ボディパージ;바디퍼지;身体轻量化;身體輕量化
Rage Powder;Bug;Wutpulver;Poudre Fureur;Polvo Ira;Polverabbia;いかりのこな;분노가루;愤怒粉;憤怒粉
Telekinesis;Psychic;Telekinese;Lévikinésie;Telequinesis;Telecinesi;テレキネシス;텔레키네시스;意念移物;意念移物
Magic Room;Psychic;Magieraum;Zone Magique;Zona Mágica;Magicozona;マジックルーム;매직룸;魔法空间;魔法空間
Smack Down;Rock;Katapult;Anti-Air;Antiaéreo;Abbattimento;うちおとす;떨어뜨리기;击落;擊落
Storm Throw;Fighting;Bergsturm;Yama Arashi;Llave Corsé;Tempestretta;やまあらし;업어후리기;山岚摔;山嵐摔
Flame Burst;Fire;Funkenflug;Rebondifeu;Pirotecnia;Pirolancio;はじけるほのお;불꽃튀기기;烈焰溅射;烈焰濺射
Sludge Wave;Poison;Schlammwoge;Cradovague;Onda Tóxica;Fangonda;ヘドロウェーブ;오물웨이브;污泥波;污泥波
Quiver Dance;Bug;Falterreigen;Papillodanse;Danza Aleteo;Eledanza;ちょうのまい;나비춤;蝶舞;蝶舞
Heavy Slam;Steel;Rammboss;Tacle Lourd;Cuerpo Pesado;Pesobomba;ヘビーボンバー;헤비봄버;重磅冲撞;重磅衝撞
Synchronoise;Psychic;Synchrolärm;Synchropeine;Sincrorruido;Sincrumore;シンクロノイズ;싱크로노이즈;同步干扰;同步干擾
Electro Ball;Electric;Elektroball;Boule Élek;Bola Voltio;Energisfera;エレキボール;일렉트릭볼;电球;電球
Soak;Water;Überflutung;Détrempage;Empapar;Inondazione;みずびたし;물붓기;浸水;浸水
Flame Charge;Fire;Nitroladung;Nitrocharge;Nitrocarga;Nitrocarica;ニトロチャージ;니트로차지;蓄能焰袭;蓄能焰襲
Coil;Poison;Einrollen;Enroulement;Enrosque;Arrotola;とぐろをまく;똬리틀기;盘蜷;盤蜷
Low Sweep;Fighting;Fußtritt;Balayette;Puntapié;Calciobasso;ローキック;로킥;下盘踢;下盤踢
Acid Spray;Poison;Säurespeier;Bombe Acide;Bomba Ácida;Acidobomba;アシッドボム;애시드봄;酸液炸弹;酸液炸彈
Foul Play;Dark;Schmarotzer;Tricherie;Juego Sucio;Ripicca;イカサマ;속임수;移花接木;欺詐
Simple Beam;Normal;Wankelstrahl;Rayon Simple;Onda Simple;Ondisinvolta;シンプルビーム;심플빔;单纯光束;單純光束
Entrainment;Normal;Zwango;Ten-Danse;Danza Amiga;Saltamicizia;なかまづくり;동료만들기;找伙伴;找夥伴
After You;Normal;Galanterie;Après Vous;Cede Paso;Cortesia;おさきにどうぞ;당신먼저;您先请;您先請
Round;Normal;Kanon;Chant Canon;Canon;Coro;りんしょう;돌림노래;轮唱;輪唱
Echoed Voice;Normal;Widerhall;Écho;Eco Voz;Echeggiavoce;エコーボイス;에코보이스;回声;回聲
Chip Away;Normal;Zermürben;Attrition;Guardia Baja;Insidia;なしくずし;야금야금;逐步击破;逐步擊破
Clear Smog;Poison;Klärsmog;Bain de Smog;Niebla Clara;Pulifumo;クリアスモッグ;클리어스모그;清除之烟;清除之煙
Stored Power;Psychic;Kraftvorrat;Force Ajoutée;Poder Reserva;Veicolaforza;アシストパワー;어시스트파워;辅助力量;輔助力量
Quick Guard;Fighting;Rapidschutz;Prévention;Anticipo;Anticipo;ファストガード;패스트가드;快速防守;快速防守
Ally Switch;Psychic;Seitentausch;Interversion;Cambio de Banda;Cambiaposto;サイドチェンジ;사이드체인지;交换场地;交換場地
Scald;Water;Siedewasser;Ébullition;Escaldar;Idrovampata;ねっとう;열탕;热水;熱水
Shell Smash;Normal;Hausbruch;Exuviation;Rompecoraza;Gettaguscio;からをやぶる;껍질깨기;破壳;破殼
Heal Pulse;Psychic;Heilwoge;Vibra Soin;Pulso Cura;Curapulsar;いやしのはどう;치유파동;治愈波动;治癒波動
Hex;Ghost;Bürde;Châtiment;Infortunio;Sciagura;たたりめ;병상첨병;祸不单行;禍不單行
Sky Drop;Flying;Freier Fall;Chute Libre;Caída Libre;Cadutalibera;フリーフォール;프리폴;自由落体;自由落體
Shift Gear;Steel;Gangwechsel;Change-Vitesse;Cambio de Marcha;Cambiomarcia;ギアチェンジ;기어체인지;换档;換檔
Circle Throw;Fighting;Überkopfwurf;Projection;Llave Giro;Ribaltiro;ともえなげ;배대뒤치기;巴投;巴投
Incinerate;Fire;Einäschern;Calcination;Calcinación;Bruciatutto;やきつくす;불태우기;烧净;燒盡
Quash;Dark;Verzögerung;À la Queue;Último Lugar;Spintone;さきおくり;순서미루기;延后;延後
Acrobatics;Flying;Akrobatik;Acrobatie;Acróbata;Acrobazia;アクロバット;애크러뱃;杂技;雜技
Reflect Type;Normal;Typenspiegel;Copie-Type;Clonatipo;Riflettipo;ミラータイプ;미러타입;镜面属性;鏡面屬性
Retaliate;Normal;Heimzahlung;Vengeance;Represalia;Nemesi;かたきうち;원수갚기;报仇;報仇
Final Gambit;Fighting;Wagemut;Tout ou Rien;Sacrificio;Azzardo;いのちがけ;목숨걸기;搏命;搏命
Bestow;Normal;Offerte;Passe-Cadeau;Ofrenda;Cediregalo;ギフトパス;기프트패스;传递礼物;傳遞禮物
Inferno;Fire;Inferno;Feu d'Enfer;Infierno;Marchiatura;れんごく;연옥;烈火深渊;煉獄
Water Pledge;Water;Wassersäulen;Aire d'Eau;Voto Agua;Acquapatto;みずのちかい;물의맹세;水之誓约;水之誓約
Fire Pledge;Fire;Feuersäulen;Aire de Feu;Voto Fuego;Fiammapatto;ほのおのちかい;불꽃의맹세;火之誓约;火之誓約
Grass Pledge;Grass;Pflanzensäulen;Aire d'Herbe;Voto Planta;Erbapatto;くさのちかい;풀의맹세;草之誓约;草之誓約
Volt Switch;Electric;Voltwechsel;Change-Éclair;Voltiocambio;Invertivolt;ボルトチェンジ;볼트체인지;伏特替换;伏特替換
Struggle Bug;Bug;Käfertrutz;Survinsecte;Estoicismo;Entomoblocco;むしのていこう;벌레의저항;虫之抵抗;蟲之抵抗
Bulldoze;Ground;Dampfwalze;Piétisol;Terratemblor;Battiterra;じならし;땅고르기;重踏;重踏
Frost Breath;Ice;Eisesodem;Souffle Glacé;Vaho Gélido;Alitogelido;こおりのいぶき;얼음숨결;冰息;冰息
Dragon Tail;Dragon;Drachenrute;Draco-Queue;Cola Dragón;Codadrago;ドラゴンテール;드래곤테일;龙尾;龍尾
Work Up;Normal;Kraftschub;Rengorgement;Avivar;Cuordileone;ふるいたてる;분발;自我激励;自我激勵
Electroweb;Electric;Elektronetz;Toile Élek;Electrotela;Elettrotela;エレキネット;일렉트릭네트;电网;電網
Wild Charge;Electric;Stromstoß;Éclair Fou;Voltio Cruel;Sprizzalampo;ワイルドボルト;와일드볼트;疯狂伏特;瘋狂伏特
Drill Run;Ground;Schlagbohrer;Tunnelier;Taladradora;Giravvita;ドリルライナー;드릴라이너;直冲钻;直衝鑽
Dual Chop;Dragon;Doppelhieb;Double Baffe;Golpe Bis;Doppiocolpo;ダブルチョップ;더블촙;二连劈;二連劈
Heart Stamp;Psychic;Herzstempel;Crève-Cœur;Arrumaco;Cuorestampo;ハートスタンプ;하트스탬프;爱心印章;愛心印章
Horn Leech;Grass;Holzgeweih;Encornebois;Asta Drenaje;Legnicorno;ウッドホーン;우드혼;木角;木角
Sacred Sword;Fighting;Sanctoklinge;Lame Sainte;Espada Santa;Spadasolenne;せいなるつるぎ;성스러운칼;圣剑;聖劍
Razor Shell;Water;Kalkklinge;Coqui-Lame;Concha Filo;Conchilama;シェルブレード;셸블레이드;贝壳刃;貝殼刃
Heat Crash;Fire;Brandstempel;Tacle Feu;Golpe Calor;Marchiafuoco;ヒートスタンプ;히트스탬프;高温重压;高溫重壓
Leaf Tornado;Grass;Grasmixer;Phytomixeur;Ciclón de Hojas;Vorticerba;グラスミキサー;그래스믹서;青草搅拌器;青草攪拌器
Steamroller;Bug;Quetschwalze;Bulldoboule;Rodillo de Púas;Rulloduro;ハードローラー;하드롤러;疯狂滚压;瘋狂滾壓
Cotton Guard;Grass;Watteschild;Cotogarde;Rizo Algodón;Cotonscudo;コットンガード;코튼가드;棉花防守;棉花防守
Night Daze;Dark;Nachtflut;Explonuit;Pulso Noche;Urtoscuro;ナイトバースト;나이트버스트;暗黑爆破;暗黑爆破
Psystrike;Psychic;Psychostoß;Frappe Psy;Onda Mental;Psicobotta;サイコブレイク;사이코브레이크;精神击破;精神擊破
Tail Slap;Normal;Kehrschelle;Plumo-Queue;Plumerazo;Spazzasberla;スイープビンタ;스위프뺨치기;扫尾拍打;掃尾拍打
Hurricane;Flying;Orkan;Vent Violent;Vendaval;Tifone;ぼうふう;폭풍;暴风;暴風
Head Charge;Normal;Steinschädel;Peignée;Ariete;Ricciolata;アフロブレイク;아프로브레이크;爆炸头突击;爆炸頭突擊
Gear Grind;Steel;Klikkdiskus;Lancécrou;Rueda Doble;Ingracolpo;ギアソーサー;기어소서;齿轮飞盘;齒輪飛盤
Searing Shot;Fire;Flammenball;Incendie;Bomba Ígnea;Sparafuoco;かえんだん;화염탄;火焰弹;火焰彈
Techno Blast;Normal;Techblaster;Techno-Buster;Tecno Shock;Tecnobotto;テクノバスター;테크노버스터;高科技光炮;高科技光炮
Relic Song;Normal;Urgesang;Chant Antique;Canto Arcaico;Cantoantico;いにしえのうた;옛노래;古老之歌;古老之歌
Secret Sword;Fighting;Mystoschwert;Lame Ointe;Sable Místico;Spadamistica;しんぴのつるぎ;신비의칼;神秘之剑;神秘之劍
Glaciate;Ice;Eiszeit;Ère Glaciaire;Mundo Gélido;Gelamondo;こごえるせかい;얼어붙은세계;冰封世界;冰封世界
Bolt Strike;Electric;Blitzschlag;Charge Foudre;Ataque Fulgor;Lucesiluro;らいげき;뇌격;雷击;雷擊
Blue Flare;Fire;Blauflammen;Flamme Bleue;Llama Azul;Fuocoblu;あおいほのお;푸른불꽃;青焰;青焰
Fiery Dance;Fire;Feuerreigen;Danse du Feu;Danza Llama;Voldifuoco;ほのおのまい;불꽃춤;火之舞;火之舞
Freeze Shock;Ice;Frostvolt;Éclair Gelé;Rayo Gélido;Elettrogelo;フリーズボルト;프리즈볼트;冰冻伏特;冰凍伏特
Ice Burn;Ice;Frosthauch;Feu Glacé;Llama Gélida;Vampagelida;コールドフレア;콜드플레어;极寒冷焰;極寒冷焰
Snarl;Dark;Standpauke;Aboiement;Alarido;Urlorabbia;バークアウト;바크아웃;大声咆哮;大聲咆哮
Icicle Crash;Ice;Eiszapfhagel;Chute Glace;Chuzos;Scagliagelo;つららおとし;고드름떨구기;冰柱坠击;冰柱墜擊
V-create;Fire;V-Generator;Coup Victoire;V de Fuego;Generatore V;Ｖジェネレート;V제너레이트;Ｖ热焰;Ｖ熱焰
Fusion Flare;Fire;Kreuzflamme;Flamme Croix;Llama Fusión;Incrofiamma;クロスフレイム;크로스플레임;交错火焰;交錯火焰
Fusion Bolt;Electric;Kreuzdonner;Éclair Croix;Rayo Fusión;Incrotuono;クロスサンダー;크로스썬더;交错闪电;交錯閃電
Flying Press;Fighting;Flying Press;Flying Press;Plancha Voladora;Schiacciatuffo;フライングプレス;플라잉프레스;飞身重压;飛身重壓
Mat Block;Fighting;Tatami-Schild;Tatamigaeshi;Escudo Tatami;Ribaltappeto;たたみがえし;마룻바닥세워막기;掀榻榻米;掀榻榻米
Belch;Poison;Rülpser;Éructation;Eructo;Rutto;ゲップ;트림;打嗝;打嗝
Rototiller;Ground;Pflüger;Fertilisation;Fertilizante;Aracampo;たがやす;일구기;耕地;耕地
Sticky Web;Bug;Klebenetz;Toile Gluante;Red Viscosa;Rete Vischiosa;ねばねばネット;끈적끈적네트;黏黏网;黏黏網
Fell Stinger;Bug;Stachelfinale;Dard Mortel;Aguijón Letal;Pungiglione;とどめばり;마지막일침;致命针刺;致命針刺
Phantom Force;Ghost;Phantomkraft;Hantise;Golpe Fantasma;Spettrotuffo;ゴーストダイブ;고스트다이브;潜灵奇袭;潛靈奇襲
Trick-or-Treat;Ghost;Halloween;Halloween;Halloween;Halloween;ハロウィン;핼러윈;万圣夜;萬聖夜
Noble Roar;Normal;Kampfgebrüll;Râle Mâle;Rugido de Guerra;Urlo;おたけび;부르짖기;战吼;戰吼
Ion Deluge;Electric;Plasmaschauer;Déluge Plasmique;Cortina Plasma;Pioggiaplasma;プラズマシャワー;플라스마샤워;等离子浴;等離子浴
Parabolic Charge;Electric;Parabolladung;Parabocharge;Carga Parábola;Caricaparabola;パラボラチャージ;파라볼라차지;抛物面充电;拋物面充電
Forest's Curse;Grass;Waldesfluch;Maléfice Sylvain;Condena Silvana;Boscomalocchio;もりののろい;숲의저주;森林咒术;森林詛咒
Petal Blizzard;Grass;Blütenwirbel;Tempête Florale;Tormenta Floral;Fiortempesta;はなふぶき;꽃보라;落英缤纷;落英繽紛
Freeze-Dry;Ice;Gefriertrockner;Lyophilisation;Liofilización;Liofilizzazione;フリーズドライ;프리즈드라이;冷冻干燥;冷凍乾燥
Disarming Voice;Fairy;Säuselstimme;Voix Enjôleuse;Voz Cautivadora;Incantavoce;チャームボイス;차밍보이스;魅惑之声;魅惑之聲
Parting Shot;Dark;Abgangstirade;Dernier Mot;Última Palabra;Monito;すてゼリフ;막말내뱉기;抛下狠话;拋下狠話
Topsy-Turvy;Dark;Invertigo;Renversement;Reversión;Sottosopra;ひっくりかえす;뒤집어엎기;颠倒;顛倒
Draining Kiss;Fairy;Diebeskuss;Vampibaiser;Beso Drenaje;Assorbibacio;ドレインキッス;드레인키스;吸取之吻;吸取之吻
Crafty Shield;Fairy;Trickschutz;Vigilance;Truco Defensa;Truccodifesa;トリックガード;트릭가드;戏法防守;戲法防守
Flower Shield;Fairy;Floraschutz;Garde Florale;Defensa Floral;Fiordifesa;フラワーガード;플라워가드;鲜花防守;鮮花防守
Grassy Terrain;Grass;Grasfeld;Champ Herbu;Campo de Hierba;Campo Erboso;グラスフィールド;그래스필드;青草场地;青草場地
Misty Terrain;Fairy;Nebelfeld;Champ Brumeux;Campo de Niebla;Campo Nebbioso;ミストフィールド;미스트필드;薄雾场地;薄霧場地
Electrify;Electric;Elektrifizierung;Électrisation;Electrificación;Elettrocontagio;そうでん;송전;输电;輸電
Play Rough;Fairy;Knuddler;Câlinerie;Carantoña;Carineria;じゃれつく;치근거리기;嬉闹;嬉鬧
Fairy Wind;Fairy;Feenbrise;Vent Féérique;Viento Feérico;Vento di Fata;ようせいのかぜ;요정의바람;妖精之风;妖精之風
Moonblast;Fairy;Mondgewalt;Pouvoir Lunaire;Fuerza Lunar;Forza Lunare;ムーンフォース;문포스;月亮之力;月亮之力
Boomburst;Normal;Überschallknall;Bang Sonique;Estruendo;Ondaboato;ばくおんぱ;폭음파;爆音波;爆音波
Fairy Lock;Fairy;Feenschloss;Verrou Enchanté;Cerrojo Feérico;Blocco Fatato;フェアリーロック;페어리록;妖精之锁;妖精之鎖
King's Shield;Steel;Königsschild;Bouclier Royal;Escudo Real;Scudo Reale;キングシールド;킹실드;王者盾牌;王者盾牌
Play Nice;Normal;Kameradschaft;Camaraderie;Camaradería;Simpatia;なかよくする;친해지기;和睦相处;和睦相處
Confide;Normal;Vertrauenssache;Confidence;Confidencia;Confidenza;ないしょばなし;비밀이야기;密语;密語
Diamond Storm;Rock;Diamantsturm;Orage Adamantin;Torm. Diamantes;Diamantempesta;ダイヤストーム;다이아스톰;钻石风暴;鑽石風暴
Steam Eruption;Water;Dampfschwall;Jet de Vapeur;Chorro de Vapor;Vaporscoppio;スチームバースト;스팀버스트;蒸汽爆炸;蒸汽爆炸
Hyperspace Hole;Psychic;Dimensionsloch;TrouDimensionnel;Paso Dimensional;Forodimensionale;いじげんホール;이차원홀;异次元洞;異次元洞
Water Shuriken;Water;Wasser-Shuriken;Sheauriken;Shuriken de Agua;Acqualame;みずしゅりけん;물수리검;飞水手里剑;飛水手裡劍
Mystical Fire;Fire;Magieflamme;Feu Ensorcelé;Llama Embrujada;Magifiamma;マジカルフレイム;매지컬플레임;魔法火焰;魔法火焰
Spiky Shield;Grass;Schutzstacheln;Pico-Défense;Barrera Espinosa;Agodifesa;ニードルガード;니들가드;尖刺防守;尖刺防守
Aromatic Mist;Fairy;Duftwolke;Brume Capiteuse;Niebla Aromática;Nebularoma;アロマミスト;아로마미스트;芳香薄雾;芳香薄霧
Eerie Impulse;Electric;Mystowellen;Ondes Étranges;Onda Anómala;Elettromistero;かいでんぱ;괴전파;怪异电波;怪異電波
Venom Drench;Poison;Giftfalle;Piège de Venin;Trampa Venenosa;Velenotrappola;ベノムトラップ;베놈트랩;毒液陷阱;毒液陷阱
Powder;Bug;Pulverschleuder;Nuée de Poudre;Polvo Explosivo;Pulviscoppio;ふんじん;분진;粉尘;粉塵
Geomancy;Fairy;Geokontrolle;Géo-Contrôle;Geocontrol;Geocontrollo;ジオコントロール;지오컨트롤;大地掌控;大地掌控
Magnetic Flux;Electric;Magnetregler;Magné-Contrôle;Aura Magnética;Controllo Polare;じばそうさ;자기장조작;磁场操控;磁場操控
Happy Hour;Normal;Goldene Zeiten;Étrennes;Paga Extra;Cuccagna;ハッピータイム;해피타임;欢乐时光;歡樂時光
Electric Terrain;Electric;Elektrofeld;Champ Électrifié;Campo Eléctrico;Campo Elettrico;エレキフィールド;일렉트릭필드;电气场地;電氣場地
Dazzling Gleam;Fairy;Zauberschein;Éclat Magique;Brillo Mágico;Magibrillio;マジカルシャイン;매지컬샤인;魔法闪耀;魔法閃耀
Celebrate;Normal;Ehrentag;Célébration;Celebración;Auguri;おいわい;축하;庆祝;慶祝
Hold Hands;Normal;Händchenhalten;Mains Jointes;Manos Juntas;Mano nella Mano;てをつなぐ;손에손잡기;牵手;牽手
Baby-Doll Eyes;Fairy;Kulleraugen;Regard Touchant;Ojitos Tiernos;Occhioni Teneri;つぶらなひとみ;초롱초롱눈동자;圆瞳;圓瞳
Nuzzle;Electric;Wangenrubbler;Frotte-Frimousse;Moflete Estático;Elettrococcola;ほっぺすりすり;볼부비부비;蹭蹭脸颊;蹭蹭臉頰
Hold Back;Normal;Zurückhaltung;Retenue;Clemencia;Riguardo;てかげん;적당히손봐주기;手下留情;手下留情
Infestation;Bug;Plage;Harcèlement;Acoso;Assillo;まとわりつく;엉겨붙기;纠缠不休;死纏爛打
Power-Up Punch;Fighting;Steigerungshieb;Poing Boost;Puño Incremento;Crescipugno;グロウパンチ;그로우펀치;增强拳;增強拳
Oblivion Wing;Flying;Unheilsschwingen;Mort'Ailes;Ala Mortífera;Ali del Fato;デスウイング;데스윙;归天之翼;死亡之翼
Thousand Arrows;Ground;Tausend Pfeile;Myria-Flèches;Mil Flechas;Mille Frecce;サウザンアロー;사우전드애로;千箭齐发;千箭齊發
Thousand Waves;Ground;Tausend Wellen;Myria-Vagues;Mil Temblores;Mille Onde;サウザンウェーブ;사우전드웨이브;千波激荡;千波激盪
Land's Wrath;Ground;Bodengewalt;Force Chtonienne;Fuerza Telúrica;Forza Tellurica;グランドフォース;그라운드포스;大地神力;大地神力
Light of Ruin;Fairy;Lux Calamitatis;Lumière du Néant;Luz Aniquiladora;Luce Nefasta;はめつのひかり;파멸의빛;破灭之光;破滅之光
Origin Pulse;Water;Ursprungswoge;Onde Originelle;Pulso Primigenio;Primopulsar;こんげんのはどう;근원의파동;根源波动;根源波動
Precipice Blades;Ground;Abgrundsklinge;Lame Pangéenne;Filo del Abismo;Spade Telluriche;だんがいのつるぎ;단애의칼;断崖之剑;斷崖之劍
Dragon Ascent;Flying;Zenitstürmer;Draco-Ascension;Ascenso Draco;Ascesa del Drago;ガリョウテンセイ;화룡점정;画龙点睛;畫龍點睛
Hyperspace Fury;Dark;Dimensionswahn;Furie Dimension;Cerco Dimensión;Urtodimensionale;いじげんラッシュ;이차원러시;异次元猛攻;異次元猛攻
Breakneck Blitz;Normal;Hyper-Sprintangriff;Turbo-Charge Bulldozer;Carrera Arrolladora;Carica Travolgente;ウルトラダッシュアタック;울트라대시어택;究极无敌大冲撞;究極無敵大衝撞
Breakneck Blitz;Normal;Hyper-Sprintangriff;Turbo-Charge Bulldozer;Carrera Arrolladora;Carica Travolgente;ウルトラダッシュアタック;울트라대시어택;究极无敌大冲撞;究極無敵大衝撞
All-Out Pummeling;Fighting;Fulminante Faustschläge;Combo Hyper-Furie;Ráfaga Demoledora;Iperscarica Furiosa;ぜんりょくむそうげきれつけん;전력무쌍격렬권;全力无双激烈拳;全力無雙激烈拳
All-Out Pummeling;Fighting;Fulminante Faustschläge;Combo Hyper-Furie;Ráfaga Demoledora;Iperscarica Furiosa;ぜんりょくむそうげきれつけん;전력무쌍격렬권;全力无双激烈拳;全力無雙激烈拳
Supersonic Skystrike;Flying;Finaler Steilflug;Piqué Supersonique;Picado Supersónico;Picchiata Devastante;ファイナルダイブクラッシュ;파이널다이브클래시;极速俯冲轰烈撞;極速俯衝轟烈撞
Supersonic Skystrike;Flying;Finaler Steilflug;Piqué Supersonique;Picado Supersónico;Picchiata Devastante;ファイナルダイブクラッシュ;파이널다이브클래시;极速俯冲轰烈撞;極速俯衝轟烈撞
Acid Downpour;Poison;Vernichtender Säureregen;Déluge Causti-Toxique;Diluvio Corrosivo;Acidiluvio Corrosivo;アシッドポイズンデリート;애시드포이즌딜리트;强酸剧毒灭绝雨;強酸劇毒滅絕雨
Acid Downpour;Poison;Vernichtender Säureregen;Déluge Causti-Toxique;Diluvio Corrosivo;Acidiluvio Corrosivo;アシッドポイズンデリート;애시드포이즌딜리트;强酸剧毒灭绝雨;強酸劇毒滅絕雨
Tectonic Rage;Ground;Seismische Eruption;Éruption Géo-Sismique;Barrena Telúrica;Furore della Terra;ライジングランドオーバー;라이징랜드오버;地隆啸天大终结;地隆嘯天大終結
Tectonic Rage;Ground;Seismische Eruption;Éruption Géo-Sismique;Barrena Telúrica;Furore della Terra;ライジングランドオーバー;라이징랜드오버;地隆啸天大终结;地隆嘯天大終結
Continental Crush;Rock;Apokalyptische Steinpresse;Apocalypse Gigalithique;Aplastamiento Gigalítico;Gigamacigno Polverizzante;ワールズエンドフォール;월즈엔드폴;毁天灭地巨岩坠;毀天滅地巨岩墜
Continental Crush;Rock;Apokalyptische Steinpresse;Apocalypse Gigalithique;Aplastamiento Gigalítico;Gigamacigno Polverizzante;ワールズエンドフォール;월즈엔드폴;毁天灭地巨岩坠;毀天滅地巨岩墜
Savage Spin-Out;Bug;Wirbelnder Insektenhieb;Cocon Fatal;Guadaña Sedosa;Bozzolo Fatale;ぜったいほしょくかいてんざん;절대포식회전참;绝对捕食回旋斩;絕對捕食迴旋斬
Savage Spin-Out;Bug;Wirbelnder Insektenhieb;Cocon Fatal;Guadaña Sedosa;Bozzolo Fatale;ぜったいほしょくかいてんざん;절대포식회전참;绝对捕食回旋斩;絕對捕食迴旋斬
Never-Ending Nightmare;Ghost;Ewige Nacht;Appel des Ombres Éternelles;Presa Espectral;Abbraccio Spettrale;むげんあんやへのいざない;무한암야로의유인;无尽暗夜之诱惑;無盡暗夜之誘惑
Never-Ending Nightmare;Ghost;Ewige Nacht;Appel des Ombres Éternelles;Presa Espectral;Abbraccio Spettrale;むげんあんやへのいざない;무한암야로의유인;无尽暗夜之诱惑;無盡暗夜之誘惑
Corkscrew Crash;Steel;Turbo-Spiralkombo;Vrille Maximum;Hélice Trepanadora;Spirale Perforante;ちょうぜつらせんれんげき;초월나선연격;超绝螺旋连击;超絕螺旋連擊
Corkscrew Crash;Steel;Turbo-Spiralkombo;Vrille Maximum;Hélice Trepanadora;Spirale Perforante;ちょうぜつらせんれんげき;초월나선연격;超绝螺旋连击;超絕螺旋連擊
Inferno Overdrive;Fire;Dynamische Maxiflamme;Pyro-Explosion Cataclysmique;Hecatombe Pírica;Fiammobomba Detonante;ダイナミックフルフレイム;다이내믹풀플레임;超强极限爆焰弹;超強極限爆焰彈
Inferno Overdrive;Fire;Dynamische Maxiflamme;Pyro-Explosion Cataclysmique;Hecatombe Pírica;Fiammobomba Detonante;ダイナミックフルフレイム;다이내믹풀플레임;超强极限爆焰弹;超強極限爆焰彈
Hydro Vortex;Water;Super-Wassertornado;Super Tourbillon Abyssal;Hidrovórtice Abisal;Idrovortice Abissale;スーパーアクアトルネード;슈퍼아쿠아토네이도;超级水流大漩涡;超級水流大漩渦
Hydro Vortex;Water;Super-Wassertornado;Super Tourbillon Abyssal;Hidrovórtice Abisal;Idrovortice Abissale;スーパーアクアトルネード;슈퍼아쿠아토네이도;超级水流大漩涡;超級水流大漩渦
Bloom Doom;Grass;Brillante Blütenpracht;Pétalexplosion Éblouissante;Megatón Floral;Floriscoppio Sfolgorante;ブルームシャインエクストラ;블룸샤인엑스트라;绚烂缤纷花怒放;絢爛繽紛花怒放
Bloom Doom;Grass;Brillante Blütenpracht;Pétalexplosion Éblouissante;Megatón Floral;Floriscoppio Sfolgorante;ブルームシャインエクストラ;블룸샤인엑스트라;绚烂缤纷花怒放;絢爛繽紛花怒放
Gigavolt Havoc;Electric;Gigavolt-Funkensalve;Fulguro-Lance Gigavolt;Gigavoltio Destructor;Gigascarica Folgorante;スパーキングギガボルト;스파킹기가볼트;终极伏特狂雷闪;終極伏特狂雷閃
Gigavolt Havoc;Electric;Gigavolt-Funkensalve;Fulguro-Lance Gigavolt;Gigavoltio Destructor;Gigascarica Folgorante;スパーキングギガボルト;스파킹기가볼트;终极伏特狂雷闪;終極伏特狂雷閃
Shattered Psyche;Psychic;Psycho-Schmetterschlag;Psycho-Pulvérisation EX;Disruptor Psíquico;Impatto Psicocinetico;マキシマムサイブレイカー;맥시멈사이브레이커;至高精神破坏波;至高精神破壞波
Shattered Psyche;Psychic;Psycho-Schmetterschlag;Psycho-Pulvérisation EX;Disruptor Psíquico;Impatto Psicocinetico;マキシマムサイブレイカー;맥시멈사이브레이커;至高精神破坏波;至高精神破壞波
Subzero Slammer;Ice;Tobender Geofrost;Laser Cryogénique;Crioaliento Despiadado;Criodistruzione Polare;レイジングジオフリーズ;레이징지오프리즈;激狂大地万里冰;激狂大地萬里冰
Subzero Slammer;Ice;Tobender Geofrost;Laser Cryogénique;Crioaliento Despiadado;Criodistruzione Polare;レイジングジオフリーズ;레이징지오프리즈;激狂大地万里冰;激狂大地萬里冰
Devastating Drake;Dragon;Drastisches Drachendröhnen;Chaos Draconique;Dracoaliento Devastador;Dragoschianto Finale;アルティメットドラゴンバーン;얼티메이트드래곤번;究极巨龙震天地;究極巨龍震天地
Devastating Drake;Dragon;Drastisches Drachendröhnen;Chaos Draconique;Dracoaliento Devastador;Dragoschianto Finale;アルティメットドラゴンバーン;얼티메이트드래곤번;究极巨龙震天地;究極巨龍震天地
Black Hole Eclipse;Dark;Schwarzes Loch des Grauens;Trou Noir des Ombres;Agujero Negro Aniquilador;Buco Nero del Non Ritorno;ブラックホールイクリプス;블랙홀이클립스;黑洞吞噬万物灭;黑洞吞噬萬物滅
Black Hole Eclipse;Dark;Schwarzes Loch des Grauens;Trou Noir des Ombres;Agujero Negro Aniquilador;Buco Nero del Non Ritorno;ブラックホールイクリプス;블랙홀이클립스;黑洞吞噬万物灭;黑洞吞噬萬物滅
Twinkle Tackle;Fairy;Entzückender Sternenstoß;Impact Choupinova;Arrumaco Sideral;Astroimpatto Fatato;ラブリースターインパクト;러블리스타임팩트;可爱星星飞天撞;可愛星星飛天撞
Twinkle Tackle;Fairy;Entzückender Sternenstoß;Impact Choupinova;Arrumaco Sideral;Astroimpatto Fatato;ラブリースターインパクト;러블리스타임팩트;可爱星星飞天撞;可愛星星飛天撞
Catastropika;Electric;Perfektes Pika-Projektil;Pikachute Foudroyante;Pikavoltio Letal;Super Pikaboom;ひっさつのピカチュート;필살피카슛;皮卡皮卡必杀击;皮卡皮卡必殺擊
Shore Up;Ground;Sandsammler;Amass'Sable;Recogearena;Sabbiaccumulo;すなあつめ;모래모으기;集沙;集沙
First Impression;Bug;Überrumpler;Escarmouche;Escaramuza;Schermaglia;であいがしら;만나자마자;迎头一击;迎頭一擊
Baneful Bunker;Poison;Bunker;Blockhaus;Búnker;Fortino;トーチカ;토치카;碉堡;碉堡
Spirit Shackle;Ghost;Schattenfessel;Tisse Ombre;Puntada Sombría;Cucitura d'Ombra;かげぬい;그림자꿰매기;缝影;縫影
Darkest Lariat;Dark;Dark Lariat;Dark Lariat;Lariat Oscuro;Braccioteso;ＤＤラリアット;DD래리어트;ＤＤ金勾臂;ＤＤ金勾臂
Sparkling Aria;Water;Schaumserenade;Aria de l'Écume;Aria Burbuja;Canto Effimero;うたかたのアリア;물거품아리아;泡影的咏叹调;泡影的詠歎調
Ice Hammer;Ice;Eishammer;Marteau de Glace;Martillo Hielo;Martelgelo;アイスハンマー;아이스해머;冰锤;冰錘
Floral Healing;Fairy;Florakur;Soin Floral;Cura Floral;Cura Floreale;フラワーヒール;플라워힐;花疗;花療
High Horsepower;Ground;Pferdestärke;Cavalerie Lourde;Fuerza Equina;Forza Equina;１０まんばりき;10만마력;十万马力;十萬馬力
Strength Sap;Grass;Kraftabsorber;Vole-Force;Absorbefuerza;Assorbiforza;ちからをすいとる;힘흡수;吸取力量;吸取力量
Solar Blade;Grass;Solarklinge;Lame Solaire;Cuchilla Solar;Lama Solare;ソーラーブレード;솔라블레이드;日光刃;日光刃
Leafage;Grass;Blattwerk;Feuillage;Follaje;Fogliame;このは;나뭇잎;树叶;樹葉
Spotlight;Normal;Rampenlicht;Projecteur;Foco;Riflettore;スポットライト;스포트라이트;聚光灯;聚光燈
Toxic Thread;Poison;Giftfaden;Fil Toxique;Hilo Venenoso;Velenotela;どくのいと;독실;毒丝;毒絲
Laser Focus;Normal;Konzentration;Affilage;Aguzar;Concentrazione;とぎすます;예민해지기;磨砺;磨礪
Gear Up;Steel;Hilfsmechanik;Engrenage;Piñón Auxiliar;Marciainpiù;アシストギア;어시스트기어;辅助齿轮;輔助齒輪
Throat Chop;Dark;Neck Strike;Exécu-Son;Golpe Mordaza;Colpo Infernale;じごくづき;지옥찌르기;深渊突刺;地獄突刺
Pollen Puff;Bug;Pollenknödel;Boule Pollen;Bola de Polen;Sferapolline;かふんだんご;꽃가루경단;花粉团;花粉團
Anchor Shot;Steel;Ankerschuss;Ancrage;Anclaje;Colpo d'Ancora;アンカーショット;앵커샷;掷锚;擲錨
Psychic Terrain;Psychic;Psychofeld;Champ Psychique;Campo Psíquico;Campo Psichico;サイコフィールド;사이코필드;精神场地;精神場地
Lunge;Bug;Anfallen;Furie-Bond;Plancha;Assalto;とびかかる;덤벼들기;猛扑;猛撲
Fire Lash;Fire;Feuerpeitsche;Fouet de Feu;Látigo Ígneo;Frusta di Fuoco;ほのおのムチ;불꽃채찍;火焰鞭;火焰鞭
Power Trip;Dark;Überheblichkeit;Arrogance;Chulería;Tracotanza;つけあがる;기어오르기;嚣张;囂張
Burn Up;Fire;Ausbrennen;Flamme Ultime;Llama Final;Ultima Fiamma;もえつきる;불사르기;燃尽;燃盡
Speed Swap;Psychic;Initiativetausch;Permuvitesse;Cambiavelocidad;Velociscambio;スピードスワップ;스피드스왑;速度互换;速度互換
Smart Strike;Steel;Schmalhorn;Estocorne;Cuerno Certero;Sottilcorno;スマートホーン;스마트혼;修长之角;修長之角
Purify;Poison;Läuterung;Purification;Purificación;Purificazione;じょうか;정화;净化;淨化
Revelation Dance;Normal;Wecktanz;Danse Éveil;Danza Despertar;Mutadanza;めざめるダンス;잠재댄스;觉醒之舞;覺醒之舞
Core Enforcer;Dragon;Sanktionskern;Sanction Suprême;Núcleo Castigo;Nucleocastigo;コアパニッシャー;코어퍼니셔;核心惩罚者;核心懲罰者
Trop Kick;Grass;Tropenkick;Botte Sucrette;Patada Tropical;Tropicalcio;トロピカルキック;트로피컬킥;热带踢;熱帶踢
Instruct;Psychic;Kommando;Sommation;Mandato;Imposizione;さいはい;지휘;号令;號令
Beak Blast;Flying;Schnabelkanone;Bec-Canon;Pico Cañón;Cannonbecco;くちばしキャノン;부리캐논;鸟嘴加农炮;鳥嘴加農炮
Clanging Scales;Dragon;Schuppenrasseln;Vibrécaille;Fragor Escamas;Clamorsquame;スケイルノイズ;스케일노이즈;鳞片噪音;鱗片噪音
Dragon Hammer;Dragon;Drachenhammer;Draco-Marteau;Martillo Dragón;Marteldrago;ドラゴンハンマー;드래곤해머;龙锤;龍錘
Brutal Swing;Dark;Wirbler;Centrifugifle;Giro Vil;Vorticolpo;ぶんまわす;세차게휘두르기;狂舞挥打;狂舞揮打
Aurora Veil;Ice;Auroraschleier;Voile Aurore;Velo Aurora;Velaurora;オーロラベール;오로라베일;极光幕;極光幕
Sinister Arrow Raid;Ghost;Schatten-Pfeilregen;Fureur des Plumes Spectrales;Aluvión de Flechas Sombrías;Dardoassalto Spettrale;シャドーアローズストライク;섀도애로우즈스트라이크;遮天蔽日暗影箭;遮天蔽日暗影箭
Malicious Moonsault;Dark;Hyper Dark Crusher;Dark Body Press;Hiperplancha Oscura;Iperschianto delle Tenebre;ハイパーダーククラッシャー;하이퍼다크크러셔;极恶飞跃粉碎击;極惡飛躍粉碎擊
Oceanic Operetta;Water;Grandiose Meeressymphonie;Symphonie des Ondines;Sinfonía de la Diva Marina;Sinfonia del Mare;わだつみのシンフォニア;바다의심포니;海神庄严交响乐;海神莊嚴交響樂
Guardian of Alola;Fairy;Alolas Wächter;Colère du Gardien d'Alola;Cólera del Guardián;Collera del Guardiano;ガーディアン・デ・アローラ;알로라의수호자;巨人卫士・阿罗拉;巨人衛士・阿羅拉
Soul-Stealing 7-Star Strike;Ghost;Sternbild des Seelenraubes;Fauche-Âme des Sept Étoiles;Constelación Robaalmas;Colpo Eptastellare Rubanima;しちせいだっこんたい;칠성탈혼퇴;七星夺魂腿;七星奪魂腿
Stoked Sparksurfer;Electric;Blitz-Wellenritt;Électro-Surf Survolté;Surfeo Galvánico;Elettrosurf Folgorante;ライトニングサーフライド;라이트닝서프라이드;驾雷驭电戏冲浪;駕雷馭電戲衝浪
Pulverizing Pancake;Normal;Schluss mit lustig;Gare au Ronflex;Arrojo Intempestivo;Adesso Faccio sul Serio;ほんきをだす　こうげき;진심의공격;认真起来大爆击;認真起來大爆擊
Extreme Evoboost;Normal;Macht der Neun;Neuf pour Un;Novena Potencia;Potenziamento Eevolutivo;ナインエボルブースト;나인이볼부스트;九彩升华齐聚顶;九彩昇華齊聚頂
Genesis Supernova;Psychic;Supernova des Ursprungs;Supernova Originelle;Supernova Original;Supernova delle Origini;オリジンズスーパーノヴァ;오리진즈슈퍼노바;起源超新星大爆炸;起源超新星大爆炸
Shell Trap;Fire;Panzerfalle;Carapiège;Coraza Trampa;Gusciotrappola;トラップシェル;트랩셸;陷阱甲壳;陷阱甲殼
Fleur Cannon;Fairy;Kanonenbouquet;Canon Floral;Cañón Floral;Cannonfiore;フルールカノン;플뢰르캐논;花朵加农炮;花朵加農炮
Psychic Fangs;Psychic;Psychobeißer;Psycho-Croc;Psicocolmillo;Psicozanna;サイコファング;사이코팽;精神之牙;精神之牙
Stomping Tantrum;Ground;Fruststampfer;Trépignement;Pataleta;Battipiedi;じだんだ;분함의발구르기;跺脚;跺腳
Shadow Bone;Ghost;Schattenknochen;Os Ombre;Hueso Sombrío;Ossotetro;シャドーボーン;섀도본;暗影之骨;暗影之骨
Accelerock;Rock;Turbofelsen;Vif Roc;Roca Veloz;Rocciarapida;アクセルロック;액셀록;冲岩;衝岩
Liquidation;Water;Aquadurchstoß;Aqua-Brèche;Hidroariete;Idrobreccia;アクアブレイク;아쿠아브레이크;水流裂破;水流裂破
Prismatic Laser;Psychic;Prisma-Laser;Laser Prisme;Láser Prisma;Prismalaser;プリズムレーザー;프리즘레이저;棱镜镭射;稜鏡鐳射
Spectral Thief;Ghost;Diebesschatten;Clepto-Mânes;Robasombra;Ombrafurto;シャドースチール;섀도스틸;暗影偷盗;暗影偷盜
Sunsteel Strike;Steel;Stahlgestirn;Choc Météore;Meteoimpacto;Astrocarica;メテオドライブ;메테오드라이브;流星闪冲;流星閃衝
Moongeist Beam;Ghost;Schattenstrahl;Rayon Spectral;Rayo Umbrío;Raggio d'Ombra;シャドーレイ;섀도레이;暗影之光;暗影之光
Tearful Look;Normal;Tränendrüse;Larme à l'Œil;Ojos Llorosos;Occhionilucidi;なみだめ;눈물그렁그렁;泪眼汪汪;淚眼汪汪
Zing Zap;Electric;Elektropikser;Électrikipik;Electropunzada;Elettropizzico;びりびりちくちく;찌리리따끔따끔;麻麻刺刺;麻麻刺刺
Nature's Madness;Fairy;Naturzorn;Ire de la Nature;Furia Natural;Ira della Natura;しぜんのいかり;자연의분노;自然之怒;自然之怒
Multi-Attack;Normal;Multi-Angriff;Coup Varia-Type;Multiataque;Multiattacco;マルチアタック;멀티어택;多属性攻击;多屬性攻擊
"10;000;000 Volt Thunderbolt";Electric;Tausendfacher Donnerblitz;Giga-Tonnerre;Gigarrayo Fulminante;Iperfulmine;１０００まんボルト;1000만볼트;千万伏特;千萬伏特
Mind Blown;Fire;Knallkopf;Caboche-Kaboum;Cabeza Sorpresa;Sbalorditesta;ビックリヘッド;깜짝헤드;惊爆大头;驚爆大頭
Plasma Fists;Electric;Plasmafäuste;Plasma Punch;Puños Plasma;Pugni Plasma;プラズマフィスト;플라스마피스트;等离子闪电拳;等離子閃電拳
Photon Geyser;Psychic;Photonen-Geysir;Photo-Geyser;Géiser Fotónico;Geyser Fotonico;フォトンゲイザー;포톤가이저;光子喷涌;光子噴湧
Light That Burns the Sky;Psychic;Licht des Erlöschens;Apocalypsis Luminis;Fotodestrucción Apocalíptica;Fotodistruzione Apocalittica;てんこがすめつぼうのひかり;하늘을태우는멸망의빛;焚天灭世炽光爆;焚天滅世熾光爆
Searing Sunraze Smash;Steel;Schmetternde Sonnenwalze;Hélio-Choc Dévastateur;Embestida Solar;Supercollisione Solare;サンシャインスマッシャー;선샤인스매셔;日光回旋下苍穹;日光迴旋下蒼穹
Menacing Moonraze Maelstrom;Ghost;Geballter Mondlaser;Rayons Séléno-Explosifs;Deflagración Lunar;Deflagrazione Lunare;ムーンライトブラスター;문라이트블래스터;月华飞溅落灵霄;月華飛濺落靈霄
Let's Snuggle Forever;Fairy;Herzliche Knuddelkloppe;Patati-Patattrape;Somanta Amistosa;Dolcesacco di Botte;ぽかぼかフレンドタイム;투닥투닥프렌드타임;亲密无间大乱揍;親密無間大亂揍
Splintered Stormshards;Rock;Fataler Steinregen;Hurlement des Roches-Lames;Tempestad Rocosa;Litotempesta Radiale;ラジアルエッジストーム;레이디얼에지스톰;狼啸石牙飓风暴;狼嘯石牙颶風暴
Clangorous Soulblaze;Dragon;Rasselnder Seelentanz;Dracacophonie Flamboyante;Estruendo Implacable;Dracofonia Divampante;ブレイジングソウルビート;브레이징소울비트;炽魂热舞烈音爆;熾魂熱舞烈音爆
Zippy Zap;Electric;Britzelturbo;Pika-Sprint;Pikaturbo;Sprintaboom;ばちばちアクセル;파찌파찌액셀;电电加速;電電加速
Splishy Splash;Water;Plätschersurfer;Pika-Splash;Salpikasurf;Surfasplash;ざぶざぶサーフ;참방참방서핑;滔滔冲浪;滔滔衝浪
Floaty Fall;Flying;Schwebesturz;Pika-Piqué;Pikapicado;Piombaflap;ふわふわフォール;둥실둥실폴;飘飘坠落;飄飄墜落
Pika Papow;Electric;Pika-Flash;Pika-Fracas;Pikatormenta;Pikasaetta;ピカピカサンダー;피카피카썬더;闪闪雷光;閃閃雷光
Bouncy Bubble;Water;Blubbsauger;Évo-Thalasso;Vapodrenaje;Bollaslurp;いきいきバブル;생생버블;活活气泡;活活氣泡
Buzzy Buzz;Electric;Knisterladung;Évo-Dynamo;Joltioparálisis;Elettrozap;びりびりエレキ;찌릿찌릿일렉;麻麻电击;麻麻電擊
Sizzly Slide;Fire;Flackerbrand;Évo-Flambo;Flarembestida;Fiammabam;めらめらバーン;이글이글번;熊熊火爆;熊熊火爆
Glitzy Glow;Psychic;Pulsieraura;Évo-Psycho;Espeaura;Auraswoosh;どばどばオーラ;콸콸오라;哗哗气场;嘩嘩氣場
Baddy Bad;Dark;Quälzone;Évo-Ténébro;Umbreozona;Zona Buiabuia;わるわるゾーン;아그아그존;坏坏领域;壞壞領域
Sappy Seed;Grass;Sprießbomben;Évo-Écolo;Leafitobombas;Bombafrush;すくすくボンバー;쑥쑥봄버;茁茁炸弹;茁茁轟炸
Freezy Frost;Ice;Klirrfrost;Évo-Congélo;Glaceoprisma;Scricchiagelo;こちこちフロスト;꽁꽁프로스트;冰冰霜冻;冰冰霜凍
Sparkly Swirl;Fairy;Glitzersturm;Évo-Fabulo;Sylveotornado;Sbrilluccibufera;きらきらストーム;반짝반짝스톰;亮亮风暴;亮亮風暴
Veevee Volley;Normal;Evo-Crash;Évo-Chardasso;Eevimpacto;Eeveempatto;ブイブイブレイク;브이브이브레이크;砰砰击破;砰砰擊破
Double Iron Bash;Steel;Panzerfäuste;Écrous d'Poing;Ferropuño Doble;Pugni Corazzati;ダブルパンツァー;더블펀처;钢拳双击;鋼拳雙擊
Max Guard;Normal;Dyna-Wall;Gardomax;Maxibarrera;Dynabarriera;ダイウォール;다이월;极巨防壁;極巨防壁
Dynamax Cannon;Dragon;Dynamax-Kanone;Canon Dynamax;Cañón Dinamax;Cannone Dynamax;ダイマックスほう;다이맥스포;极巨炮;極巨炮
Snipe Shot;Water;Präzisionsschuss;Tir de Précision;Disparo Certero;Tiromirato;ねらいうち;노려맞히기;狙击;狙擊
Jaw Lock;Dark;Fesselbiss;Croque Fort;Presa Maxilar;Morsostretto;くらいつく;물고버티기;紧咬不放;緊咬不放
Stuff Cheeks;Normal;Backenstopfer;Garde-à-Joues;Atiborramiento;Riempiguance;ほおばる;볼가득넣기;大快朵颐;大快朵頤
No Retreat;Fighting;Finalformation;Ultime Bastion;Bastión Final;Spalle al Muro;はいすいのじん;배수의진;背水一战;背水一戰
Tar Shot;Rock;Teerschuss;Goudronnage;Alquitranazo;Colpocatrame;タールショット;타르샷;沥青射击;瀝青射擊
Magic Powder;Psychic;Magiepuder;Poudre Magique;Polvo Mágico;Magipolvere;まほうのこな;마법가루;魔法粉;魔法粉
Dragon Darts;Dragon;Drachenpfeile;Draco-Flèches;Dracoflechas;Dragofrecce;ドラゴンアロー;드래곤애로;龙箭;龍箭
Teatime;Normal;Teatime;Thérémonie;Hora del Té;Ora del Tè;おちゃかい;다과회;茶会;茶會
Octolock;Fighting;Octoklammer;Octoprise;Octopresa;Tentacolock;たこがため;문어굳히기;蛸固;蛸固
Bolt Beak;Electric;Schockschnabel;Prise de Bec;Electropico;Beccoshock;でんげきくちばし;전격부리;电喙;電喙
Fishious Rend;Water;Kiemenbiss;Branchicrok;Branquibocado;Branchiomorso;エラがみ;아가미물기;鳃咬;鰓咬
Court Change;Normal;Seitenwechsel;Change-Côté;Cambio de Cancha;Cambiocampo;コートチェンジ;코트체인지;换场;換場
Max Flare;Fire;Dyna-Brand;Pyromax;Maxignición;Dynafiammata;ダイバーン;다이번;极巨火爆;極巨火爆
Max Flutterby;Bug;Dyna-Schwarm;Insectomax;Maxinsecto;Dynainsetto;ダイワーム;다이웜;极巨虫蛊;極巨蟲蠱
Max Lightning;Electric;Dyna-Gewitter;Fulguromax;Maxitormenta;Dynasaetta;ダイサンダー;다이썬더;极巨闪电;極巨閃電
Max Strike;Normal;Dyna-Angriff;Normalomax;Maxiataque;Dynattacco;ダイアタック;다이어택;极巨攻击;極巨攻擊
Max Knuckle;Fighting;Dyna-Faust;Pugilomax;Maxipuño;Dynapugno;ダイナックル;다이너클;极巨拳斗;極巨拳鬥
Max Phantasm;Ghost;Dyna-Spuk;Spectromax;Maxiespectro;Dynavuoto;ダイホロウ;다이할로우;极巨幽魂;極巨幽魂
Max Hailstorm;Ice;Dyna-Frost;Cryomax;Maxihelada;Dynagelo;ダイアイス;다이아이스;极巨寒冰;極巨寒冰
Max Ooze;Poison;Dyna-Giftschwall;Toxinomax;Maxiácido;Dynacorrosione;ダイアシッド;다이애시드;极巨酸毒;極巨酸毒
Max Geyser;Water;Dyna-Flut;Hydromax;Maxichorro;Dynaflusso;ダイストリーム;다이스트림;极巨水流;極巨水流
Max Airstream;Flying;Dyna-Düse;Aéromax;Maxiciclón;Dynajet;ダイジェット;다이제트;极巨飞冲;極巨飛衝
Max Starfall;Fairy;Dyna-Zauber;Enchantomax;Maxiestela;Dynafata;ダイフェアリー;다이페어리;极巨妖精;極巨妖精
Max Wyrmwind;Dragon;Dyna-Wyrm;Dracomax;Maxidraco;Dynadragone;ダイドラグーン;다이드라군;极巨龙骑;極巨龍騎
Max Mindstorm;Psychic;Dyna-Kinese;Psychomax;Maxionda;Dynapsiche;ダイサイコ;다이사이코;极巨超能;極巨超能
Max Rockfall;Rock;Dyna-Brocken;Lithomax;Maxilito;Dynamacigno;ダイロック;다이록;极巨岩石;極巨岩石
Max Quake;Ground;Dyna-Erdstoß;Sismomax;Maxitemblor;Dynasisma;ダイアース;다이어스;极巨大地;極巨大地
Max Darkness;Dark;Dyna-Dunkel;Sinistromax;Maxisombra;Dynatenebre;ダイアーク;다이아크;极巨恶霸;極巨惡霸
Max Overgrowth;Grass;Dyna-Flora;Phytomax;Maxiflora;Dynaflora;ダイソウゲン;다이그래스;极巨草原;極巨草原
Max Steelspike;Steel;Dyna-Stahlzacken;Métallomax;Maximetal;Dynametallo;ダイスチル;다이스틸;极巨钢铁;極巨鋼鐵
Clangorous Soul;Dragon;Seelentanz;Dracacophonie;Estruendo Escama;Dracofonia;ソウルビート;소울비트;魂舞烈音爆;魂舞烈音爆
Body Press;Fighting;Body Press;Big Splash;Plancha Corporal;Schiacciacorpo;ボディプレス;바디프레스;扑击;撲擊
Decorate;Fairy;Verzierung;Nappage;Decoración;Decorazione;デコレーション;데코레이션;装饰;裝飾
Drum Beating;Grass;Trommelschläge;Tambour Battant;Batería Asalto;Tamburattacco;ドラムアタック;드럼어택;鼓击;鼓擊
Snap Trap;Grass;Fangeisen;Troquenard;Cepo;Tagliola;トラバサミ;집게덫;捕兽夹;捕獸夾
Pyro Ball;Fire;Feuerball;Ballon Brûlant;Balón Ígneo;Palla Infuocata;かえんボール;화염볼;火焰球;火焰球
Behemoth Blade;Steel;Gigantenhieb;Gladius Maximus;Tajo Supremo;Taglio Maestoso;きょじゅうざん;거수참;巨兽斩;巨獸斬
Behemoth Bash;Steel;Gigantenstoß;Aegis Maxima;Embate Supremo;Colpo Maestoso;きょじゅうだん;거수탄;巨兽弹;巨獸彈
Aura Wheel;Electric;Aura-Rad;Roue Libre;Rueda Aural;Ruota d'Aura;オーラぐるま;오라휠;气场轮;氣場輪
Breaking Swipe;Dragon;Breitseite;Abattage;Vasto Impacto;Vastoimpatto;ワイドブレイカー;와이드브레이커;广域破坏;廣域破壞
Branch Poke;Grass;Zweigstoß;Tapotige;Punzada Rama;Ramostoccata;えだづき;가지찌르기;木枝突刺;木枝突刺
Overdrive;Electric;Overdrive;Overdrive;Amplificador;Overdrive;オーバードライブ;오버드라이브;破音;破音
Apple Acid;Grass;Apfelsäure;Acide Malique;Ácido Málico;Acido Malico;りんごさん;사과산;苹果酸;蘋果酸
Grav Apple;Grass;Gravitation;Force G;Fuerza G;Forza G;Ｇのちから;G의힘;万有引力;萬有引力
Spirit Break;Fairy;Seelenbruch;Choc Émotionnel;Choque Anímico;Frantumanima;ソウルクラッシュ;소울크래시;灵魂冲击;靈魂衝擊
Strange Steam;Fairy;Wunderdampf;Vapeur Féérique;Cautivapor;Vapore Incantato;ワンダースチーム;원더스팀;神奇蒸汽;神奇蒸汽
Life Dew;Water;Lebenstropfen;Fontaine de Vie;Gota Vital;Goccia Vitale;いのちのしずく;생명의물방울;生命水滴;生命水滴
Obstruct;Dark;Abblocker;Blocage;Obstrucción;Sbarramento;ブロッキング;블로킹;拦堵;攔堵
False Surrender;Dark;Kniefalltrick;Fourbette;Irreverencia;Supplicolpo;どげざつき;사죄의찌르기;假跪真撞;假跪真撞
Meteor Assault;Fighting;Sternensturm;Joute Astrale;Asalto Estelar;Sfolgorassalto;スターアサルト;스타어설트;流星突击;流星突擊
Eternabeam;Dragon;Unendynastrahlen;Laser Infinimax;Rayo Infinito;Raggio Infinito;ムゲンダイビーム;무한다이빔;无极光束;無極光束
Steel Beam;Steel;Stahlstrahl;Métalaser;Metaláser;Raggio d'Acciaio;てっていこうせん;철제광선;铁蹄光线;鐵蹄光線
Expanding Force;Psychic;Flächenmacht;Vaste Pouvoir;Vasta Fuerza;Vastenergia;ワイドフォース;와이드포스;广域战力;廣域戰力
Steel Roller;Steel;Eisenwalze;Métalliroue;Allanador Férreo;Ferrorullo;アイアンローラー;아이언롤러;铁滚轮;鐵滾輪
Scale Shot;Dragon;Schuppenschuss;Rafale Écailles;Ráfaga Escamas;Squamacolpo;スケイルショット;스케일샷;鳞射;鱗射
Meteor Beam;Rock;Meteorstrahl;Laser Météore;Rayo Meteórico;Raggiometeora;メテオビーム;메테오빔;流星光束;流星光束
Shell Side Arm;Poison;Muschelwaffe;Kokiyarme;Moluscañón;Armaguscio;シェルアームズ;셸암즈;臂贝武器;臂貝武器
Misty Explosion;Fairy;Nebelexplosion;Explo-Brume;Bruma Explosiva;Nebbioscoppio;ミストバースト;미스트버스트;薄雾炸裂;薄霧炸裂
Grassy Glide;Grass;Grasrutsche;Gliss'Herbe;Fitoimpulso;Erboscivolata;グラススライダー;그래스슬라이더;青草滑梯;青草滑梯
Rising Voltage;Electric;Hochspannung;Monte-Tension;Alto Voltaje;Elettroimpennata;ライジングボルト;라이징볼트;电力上升;電力上升
Terrain Pulse;Normal;Feldimpuls;Champlification;Pulso de Campo;Campopulsar;だいちのはどう;대지의파동;大地波动;大地波動
Skitter Smack;Bug;Krabbelkracher;Ravage Rampant;Golpe Rastrero;Strisciacolpo;はいよるいちげき;엄습하는일격;爬击;爬擊
Burning Jealousy;Fire;Neidflammen;Feu Envieux;Envidia Ardiente;Fiamminvidia;しっとのほのお;질투의불꽃;妒火;妒火
Lash Out;Dark;Frustventil;Cent Rancunes;Desahogo;Sfogarabbia;うっぷんばらし;분풀이;泄愤;洩憤
Poltergeist;Ghost;Poltergeist;Esprit Frappeur;Poltergeist;Poltergeist;ポルターガイスト;폴터가이스트;灵骚;靈騷
Corrosive Gas;Poison;Korrosionsgas;Gaz Corrosif;Gas Corrosivo;Gas Corrosivo;ふしょくガス;부식가스;腐蚀气体;腐蝕氣體
Coaching;Fighting;Coaching;Coaching;Motivación;Coaching;コーチング;코칭;指导;指導
Flip Turn;Water;Rollwende;Eau Revoir;Viraje;Virata;クイックターン;퀵턴;快速折返;快速折返
Triple Axel;Ice;Dreifach-Axel;Triple Axel;Triple Axel;Triplo Axel;トリプルアクセル;트리플악셀;三旋击;三旋擊
Dual Wingbeat;Flying;Doppelflügel;Double Volée;Ala Bis;Doppia Ala;ダブルウイング;더블윙;双翼;雙翼
Scorching Sands;Ground;Brandsand;Sable Ardent;Arenas Ardientes;Sabbiardente;ねっさのだいち;열사의대지;热沙大地;熱沙大地
Jungle Healing;Grass;Dschungelheilung;Selve Salvatrice;Cura Selvática;Giunglacura;ジャングルヒール;정글힐;丛林治疗;叢林治療
Wicked Blow;Dark;Finstertreffer;Poing Obscur;Golpe Oscuro;Pugnotenebra;あんこくきょうだ;암흑강타;暗冥强击;暗冥強擊
Surging Strikes;Water;Trefferschwall;Torrent de Coups;Azote Torrencial;Idroraffica;すいりゅうれんだ;수류연타;水流连打;水流連打
Thunder Cage;Electric;Blitzgefängnis;Voltageôle;Electrojaula;Elettrogabbia;サンダープリズン;썬더프리즌;雷电囚笼;雷電囚籠
Dragon Energy;Dragon;Drachenkräfte;Draco-Énergie;Dracoenergía;Dragoenergia;ドラゴンエナジー;드래곤에너지;巨龙威能;巨龍威能
Freezing Glare;Psychic;Eisiger Blick;Regard Glaçant;Mirada Heladora;Sguardo Gelido;いてつくしせん;얼어붙는시선;冰冷视线;冰冷視線
Fiery Wrath;Dark;Brennender Zorn;Fureur Ardente;Furia Candente;Furia Ardente;もえあがるいかり;타오르는분노;怒火中烧;怒火中燒
Thunderous Kick;Fighting;Donnernder Tritt;Coup Fulgurant;Patada Relámpago;Calcio Tonante;らいめいげり;천둥차기;雷鸣蹴击;雷鳴蹴擊
Glacial Lance;Ice;Blizzardlanze;Lance de Glace;Lanza Glacial;Lancia Glaciale;ブリザードランス;블리자드랜스;雪矛;雪矛
Astral Barrage;Ghost;Astralfragmente;Éclat Spectral;Orbes Espectro;Schegge Astrali;アストラルビット;아스트랄비트;星碎;星碎
Eerie Spell;Psychic;Schauderspruch;Sort Sinistre;Conjuro Funesto;Inquietantesimo;ぶきみなじゅもん;섬뜩한주문;诡异咒语;詭異咒語
Dire Claw;Poison;Unheilsklauen;Griffes Funestes;Garra Nociva;Artigli Fatali;フェイタルクロー;페이탈클로;克命爪;剋命爪
Psyshield Bash;Psychic;Barrierenstoß;Sprint Bouclier;Asalto Barrera;Barrierassalto;バリアーラッシュ;배리어러시;屏障猛攻;屏障猛攻
Power Shift;Normal;Kraftwechsel;Échange Force;Cambiapoder;Scambioforza;パワーシフト;파워시프트;力量转换;力量轉換
Stone Axe;Rock;Felsaxt;Hache de Pierre;Hachazo Pétreo;Rocciascure;がんせきアックス;암석액스;岩斧;岩斧
Springtide Storm;Fairy;Frühlingsorkan;Typhon Passionné;Ciclón Primavera;Tempesta Zefirea;はるのあらし;봄의폭풍;阳春风暴;陽春風暴
Mystical Power;Psychic;Mythenkraft;Force Mystique;Poder Místico;Forza Mistica;しんぴのちから;신비의힘;神秘之力;神秘之力
Raging Fury;Fire;Flammenwut;Grand Courroux;Erupción de Ira;Ira Furente;だいふんげき;대격분;大愤慨;大憤慨
Wave Crash;Water;Wellentackle;Aquatacle;Envite Acuático;Ondaschianto;ウェーブタックル;웨이브태클;波动冲;波動衝
Chloroblast;Grass;Chlorostrahl;Herblast;Clorofiláser;Clorofillaser;クロロブラスト;클로로블라스트;叶绿爆震;葉綠爆震
Mountain Gale;Ice;Frostfallwind;Bise Glaciaire;Viento Carámbano;Soffio d'Iceberg;ひょうざんおろし;빙산바람;冰山风;冰山風
Victory Dance;Fighting;Siegestanz;Danse Victoire;Danza Triunfal;Danzavittoria;しょうりのまい;승리의춤;胜利之舞;勝利之舞
Headlong Rush;Ground;Schmetterramme;Assaut Frontal;Arremetida;Scontro Frontale;ぶちかまし;들이받기;突飞猛扑;突飛猛撲
Barb Barrage;Poison;Giftstachelregen;Multitoxik;Mil Púas Tóxicas;Mille Fielespine;どくばりセンボン;독침천발;毒千针;毒千針
Esper Wing;Psychic;Auraschwingen;Ailes Psycho;Ala Aural;Ali d'Aura;オーラウイング;오라윙;气场之翼;氣場之翼
Bitter Malice;Ghost;Niedertracht;Cœur de Rancœur;Rencor Reprimido;Livore;うらみつらみ;천추지한;冤冤相报;冤冤相報
Shelter;Steel;Refugium;Mur Fumigène;Retracción;Barricata;たてこもる;농성;闭关;閉關
Triple Arrows;Fighting;Drillingspfeile;Triple Flèche;Triple Flecha;Triplodardo;３ぼんのや;3연화살;三连箭;三連箭
Infernal Parade;Ghost;Phantomparade;Cortège Funèbre;Marcha Espectral;Corteo Spettrale;ひゃっきやこう;백귀야행;群魔乱舞;群魔亂舞
Ceaseless Edge;Dark;Klingenschwall;Vagues à Lames;Tajo Metralla;Lama Milleflutti;ひけん・ちえなみ;비검천중파;秘剑・千重涛;秘劍・千重濤
Bleakwind Storm;Flying;Polarorkan;Typhon Hivernal;Vendaval Gélido;Tempesta Boreale;こがらしあらし;찬바람폭풍;枯叶风暴;枯葉風暴
Wildbolt Storm;Electric;Donnerorkan;Typhon Fulgurant;Electormenta;Tempesta Tonante;かみなりあらし;번개폭풍;鸣雷风暴;鳴雷風暴
Sandsear Storm;Ground;Wüstenorkan;Typhon Pyrosable;Simún de Arena;Tempesta Ardente;ねっさのあらし;열사의폭풍;热沙风暴;熱沙風暴
Lunar Blessing;Psychic;Lunargebet;Prière Lunaire;Plegaria Lunar;Invocaluna;みかづきのいのり;초승달의기도;新月祈祷;新月祈禱
Take Heart;Psychic;Mutschub;Extravaillance;Bálsamo Osado;Baldimpulso;ブレイブチャージ;브레이브차지;勇气填充;勇氣填充
Tera Blast;Normal;Tera-Ausbruch;Téra Explosion;Teraexplosión;Terascoppio;テラバースト;테라버스트;太晶爆发;太晶爆發
Silk Trap;Bug;Fadenfalle;Piège de Fil;Telatrampa;Telatrappola;スレッドトラップ;스레드트랩;线阱;線阱
Axe Kick;Fighting;Fersenkick;Talon-Marteau;Patada Hacha;Calcio ad Ascia;かかとおとし;발꿈치찍기;下压踢;下壓踢
Last Respects;Ghost;Letzte Ehre;Hommage Posthume;Homenaje Póstumo;Omaggio ai KO;おはかまいり;성묘;扫墓;掃墓
Lumina Crash;Psychic;Lichteinschlag;Lumino-Impact;Fotocolisión;Fotocollisione;ルミナコリジョン;루미나콜리전;琉光冲激;琉光衝激
Order Up;Dragon;Auftischen;Plat du Jour;Oído Cocina;Alta Cucina;いっちょうあがり;한판내기;上菜;上菜
Jet Punch;Water;Düsenhieb;Poing Sonique;Puño Jet;Pugnojet;ジェットパンチ;제트펀치;喷射拳;噴射拳
Spicy Extract;Grass;Chili-Essenz;Habanerage;Extracto Picante;Essenza Piccante;ハバネロエキス;하바네로엑기스;辣椒精华;辣椒精華
Spin Out;Steel;Reifendrehung;Dérapage;Quemarrueda;Slittaruote;ホイールスピン;휠스핀;疾速转轮;疾速轉輪
Population Bomb;Normal;Mäuseplage;Prolifération;Proliferación;Infestazione;ネズミざん;찍찍베기;鼠数儿;鼠數兒
Ice Spinner;Ice;Eiskreisel;Cryo-Pirouette;Pirueta Helada;Vortighiaccio;アイススピナー;아이스스피너;冰旋;冰旋
Glaive Rush;Dragon;Großklingenstoß;Charge Glaive;Asalto Espadón;Spadoncarica;きょけんとつげき;대검돌격;巨剑突击;巨劍突擊
Revival Blessing;Normal;Vitalsegen;Second Souffle;Plegaria Vital;Preghiera Vitale;さいきのいのり;회생의기도;复生祈祷;復生祈禱
Salt Cure;Rock;Pökelsalz;Salaison;Salazón;Sotto Sale;しおづけ;소금절이;盐腌;鹽醃
Triple Dive;Water;Tauchtriade;Triple Plongeon;Triple Inmersión;Triplo Tuffo;トリプルダイブ;트리플다이브;三连钻;三連鑽
Mortal Spin;Poison;Letalwirbler;Toupie Éclat;Giro Mortífero;Glitturbine;キラースピン;킬러스핀;晶光转转;晶光轉轉
Doodle;Normal;Abpausen;Décalquage;Decalcomanía;Ricalco;うつしえ;베껴그리기;描绘;描繪
Fillet Away;Normal;Abspaltung;Décharnement;Deslome;Alleggerimento;みをけずる;제살깎기;甩肉;甩肉
Kowtow Cleave;Dark;Kniefallspalter;Génusection;Genufendiente;Genufendente;ドゲザン;도각참;仆刀;仆斬
Flower Trick;Grass;Blumentrick;Magie Florale;Truco Floral;Prestigiafiore;トリックフラワー;트릭플라워;千变万花;千變萬花
Torch Song;Fire;Loderlied;Chant Flamboyant;Canto Ardiente;Canzone Ardente;フレアソング;플레어송;闪焰高歌;閃焰高歌
Aqua Step;Water;Wogentanz;Danse Aquatique;Danza Acuática;Idroballetto;アクアステップ;아쿠아스텝;流水旋舞;流水旋舞
Raging Bull;Normal;Rasender Stier;Taurogne;Furia Taurina;Scatenatoro;レイジングブル;레이징불;怒牛;怒牛
Make It Rain;Steel;Goldrausch;Ruée d'Or;Fiebre Dorada;Corsa all'Oro;ゴールドラッシュ;골드러시;淘金潮;淘金潮
Psyblade;Psychic;Psychoschneide;Lame Psychique;Psicohojas;Psicolama;サイコブレイド;사이코블레이드;精神剑;精神劍
Hydro Steam;Water;Hydrodampf;Hydrovapeur;Hidrovapor;Idrovapore;ハイドロスチーム;하이드로스팀;水蒸气;水蒸氣
Ruination;Dark;Verderben;Cataclysme;Calamidad;Catastrofe;カタストロフィ;카타스트로피;大灾难;大災難
Collision Course;Fighting;Kollisionskurs;Nitro Crash;Nitrochoque;Turboschianto;アクセルブレイク;액셀브레이크;全开猛撞;全開猛撞
Electro Drift;Electric;Blitztour;Turbo Volt;Electroderrape;Fulmiscatto;イナズマドライブ;라이트닝드라이브;闪电猛冲;閃電猛衝
Shed Tail;Normal;Schwanzabwurf;Queulonage;Autotomía;Tagliacoda;しっぽきり;꼬리자르기;断尾;斷尾
Chilly Reception;Ice;Eisige Stimmung;Neigeux de Mots;Fría Acogida;Freddura;さむいギャグ;썰렁개그;冷笑话;冷笑話
Tidy Up;Normal;Aufräumen;Grand Nettoyage;Limpieza General;Pulizie;おかたづけ;정리정돈;大扫除;大掃除
Snowscape;Ice;Schneelandschaft;Chute de Neige;Paisaje Nevado;Vista Innevata;ゆきげしき;설경;雪景;雪景
Pounce;Bug;Anspringen;Bond;Brinco;Balzo;とびつく;달려들기;虫扑;蟲撲
Trailblaze;Grass;Wegbereiter;Désherbaffe;Abrecaminos;Apripista;くさわけ;개척하기;起草;起草
Chilling Water;Water;Kalte Dusche;Douche Froide;Agua Fría;Doccia Fredda;ひやみず;찬물끼얹기;泼冷水;潑冷水
Hyper Drill;Normal;Hyperbohrer;Hyperceuse;Hipertaladro;Ipertrapano;ハイパードリル;하이퍼드릴;强力钻;強力鑽
Twin Beam;Psychic;Doppelstrahl;Double Laser;Láser Doble;Doppioraggio;ツインビーム;트윈빔;双光束;雙光束
Rage Fist;Ghost;Zornesfaust;Poing de Colère;Puño Furia;Pugno Furibondo;ふんどのこぶし;분노의주먹;愤怒之拳;憤怒之拳
Armor Cannon;Fire;Rüstungskanone;Canon Blindé;Cañón Armadura;Corazza Cannone;アーマーキャノン;아머캐논;铠农炮;鎧農炮
Bitter Blade;Fire;Reueschwert;Lame en Peine;Espada Lamento;Lama del Rimorso;むねんのつるぎ;원념의칼;悔念剑;悔念劍
Double Shock;Electric;Zweifachladung;Double Décharge;Electropalmas;Doppiolampo;でんこうそうげき;전광쌍격;电光双击;電光雙擊
Gigaton Hammer;Steel;Riesenhammer;Marteau Mastoc;Martillo Colosal;Granmartello;デカハンマー;거대해머;巨力锤;巨力錘
Comeuppance;Dark;Vendetta;Vindicte;Resarcimiento;Ritorsione;ほうふく;앙갚음;复仇;復仇
Aqua Cutter;Water;Aquaschnitt;Tranch'Aqua;Tajo Acuático;Idrotaglio;アクアカッター;아쿠아커터;水波刀;水波刀
Blazing Torque;Fire;Hitzeturbo;Crash Brûlant;Pirochoque;Turboustione;バーンアクセル;번액셀;灼热暴冲;灼熱暴衝
Wicked Torque;Dark;Finsterturbo;Crash Obscur;Ominochoque;Turbotenebra;ダークアクセル;다크액셀;黑暗暴冲;黑暗暴衝
Noxious Torque;Poison;Toxiturbo;Crash Toxique;Ponzochoque;Turbotossina;ポイズンアクセル;포이즌액셀;剧毒暴冲;劇毒暴衝
Combat Torque;Fighting;Raufturbo;Crash Musclé;Pugnachoque;Turborissa;ファイトアクセル;파이트액셀;格斗暴冲;格鬥暴衝
Magical Torque;Fairy;Zauberturbo;Crash Magique;Feerichoque;Turboincanto;マジカルアクセル;매지컬액셀;魔法暴冲;魔法暴衝
Blood Moon;Normal;Blutmond;Lune Rouge;Luna Roja;Luna Rossa;ブラッドムーン;블러드문;血月;血月
Matcha Gotcha;Grass;Quirlschuss;Mortier Matcha;Cañón Batidor;Spruzzatè;シャカシャカほう;휘적휘적포;刷刷茶炮;刷刷茶炮
Syrup Bomb;Grass;Sirupbombe;Bombe au Sirop;Bomba Caramelo;Bomba Sciroppata;みずあめボム;시럽봄;糖浆炸弹;糖漿炸彈
Ivy Cudgel;Grass;Rankenkeule;Massue Liane;Garrote Liana;Clava di Liane;ツタこんぼう;덩굴방망이;棘藤棒;棘藤棒
Electro Shot;Electric;;;;;;;;
Thunderclap;Electric;;;;;;;;
Tachyon Cutter;Steel;;;;;;;;
Upper Hand;Fighting;;;;;;;;
Psychic Noise;Psychic;;;;;;;;
